window,config,start,end,n_years,cagr,sharpe,max_dd,gross_cagr,annual_vol,sortino,turnover_annual,avg_holdings,value_data_coverage,n_days,net_cagr,max_dd_date,total_return,calmar,win_rate,spy_excess_cagr,sector_hhi,sleeve_correlation,allocator_defensive_frac
full_period,trend_only,2008-01-01,2026-03-07,18.18,19.4,0.73,-45.4,,,,,,0.0,,,,,,,,,,
full_period,value_only,2008-01-01,2026-03-07,18.15,19.55,0.952,-31.43,19.8,16.34,1.196,4.2,27.4,99.9,4573.0,19.55,2020-03-23,2454.26,0.622,51.6,8.7,,,
full_period,combined_static,2008-01-01,2026-03-07,18.15,20.49,0.774,-45.64,20.89,21.32,0.974,6.6,43.8,99.9,4573.0,20.49,2009-03-05,2846.64,0.449,56.1,9.65,,,
full_period,combined_allocator,2008-01-01,2026-03-07,18.18,13.3,0.68,-28.1,,,,,,,,,,,,,,,,
full_period,spy_benchmark,2008-01-01,2026-03-07,18.15,10.85,0.344,-51.85,10.85,19.89,,0.0,1.0,,4573.0,10.85,,547.9,,,,,,
last_3yr,trend_only,2023-03-07,2026-03-07,3.0,37.0,1.33,-24.9,,,,,,0.0,,,,,,,,,,
last_3yr,value_only,2023-03-07,2026-03-07,2.99,28.54,1.85,-14.01,28.96,13.26,2.586,6.5,29.3,99.9,753.0,28.54,2025-04-08,111.75,2.038,55.2,7.8,,,
last_3yr,combined_static,2023-03-07,2026-03-07,2.99,39.65,1.91,-20.2,40.16,18.66,2.626,7.3,45.9,99.9,753.0,39.65,2025-04-08,171.26,1.963,55.1,18.91,,,
last_3yr,combined_allocator,2023-03-07,2026-03-07,3.0,24.6,1.21,-18.2,,,,,,,,,,,,,,,,
last_3yr,spy_benchmark,2023-03-07,2026-03-07,2.99,20.74,1.108,-18.76,20.74,15.11,,0.0,1.0,,753.0,20.74,,75.63,,,,,,
last_5yr,trend_only,2021-03-07,2026-03-07,5.0,24.8,0.96,-24.9,,,,,,0.0,,,,,,,,,,
last_5yr,value_only,2021-03-07,2026-03-07,4.98,22.14,1.161,-17.79,22.5,15.63,1.626,5.8,29.6,99.9,1256.0,22.14,2022-10-12,170.96,1.244,54.5,8.55,,,
last_5yr,combined_static,2021-03-07,2026-03-07,4.98,26.01,1.148,-20.2,26.45,19.16,1.627,7.0,45.9,99.9,1256.0,26.01,2025-04-08,216.48,1.287,54.4,12.42,,,
last_5yr,combined_allocator,2021-03-07,2026-03-07,5.0,16.3,0.84,-18.2,,,,,,,,,,,,,,,,
last_5yr,spy_benchmark,2021-03-07,2026-03-07,4.98,13.59,0.565,-24.5,13.59,16.98,,0.0,1.0,,1256.0,13.59,,88.7,,,,,,
regime_bull1,trend_only,2011-01-01,2015-12-31,5.0,20.7,0.93,-21.3,,,,,,0.0,,,,,,,,,,
regime_bull1,value_only,2011-01-01,2015-12-31,4.99,16.32,0.801,-17.41,16.55,15.39,1.052,3.9,29.5,99.9,1258.0,16.32,2011-10-03,112.73,0.938,55.5,4.11,,,
regime_bull1,combined_static,2011-01-01,2015-12-31,4.99,17.42,0.794,-22.05,17.77,16.91,1.039,5.9,45.9,99.9,1258.0,17.42,2011-08-08,122.95,0.79,55.5,5.21,,,
regime_bull1,combined_allocator,2011-01-01,2015-12-31,5.0,14.2,0.81,-16.1,,,,,,,,,,,,,,,,
regime_bull1,spy_benchmark,2011-01-01,2015-12-31,4.99,12.22,0.535,-18.61,12.22,15.35,,0.0,1.0,,1258.0,12.22,,77.78,,,,,,
regime_bull2,trend_only,2016-01-01,2020-12-31,5.0,23.8,0.88,-36.7,,,,,,0.0,,,,,,,,,,
regime_bull2,value_only,2016-01-01,2020-12-31,5.0,22.54,0.946,-31.43,22.81,19.59,1.086,4.4,29.6,99.9,1259.0,22.54,2020-03-23,176.12,0.717,56.5,7.11,,,
regime_bull2,combined_static,2016-01-01,2020-12-31,5.0,25.8,1.027,-34.33,26.19,21.22,1.138,6.2,45.8,99.9,1259.0,25.8,2020-03-23,214.81,0.752,57.9,10.37,,,
regime_bull2,combined_allocator,2016-01-01,2020-12-31,5.0,14.4,0.69,-28.1,,,,,,,,,,,,,,,,
regime_bull2,spy_benchmark,2016-01-01,2020-12-31,5.0,15.43,0.606,-33.72,15.43,18.86,,0.0,1.0,,1259.0,15.43,,104.85,,,,,,
regime_covid,trend_only,2019-01-01,2022-12-31,4.0,20.2,0.7,-36.7,,,,,,0.0,,,,,,,,,,
regime_covid,value_only,2019-01-01,2022-12-31,4.0,20.57,0.725,-31.43,20.86,22.86,0.898,4.9,29.4,99.9,1008.0,20.57,2020-03-23,111.31,0.654,53.9,7.51,,,
regime_covid,combined_static,2019-01-01,2022-12-31,4.0,21.38,0.711,-34.33,21.77,24.43,0.852,6.5,45.7,99.9,1008.0,21.38,2020-03-23,117.04,0.623,54.9,8.32,,,
regime_covid,combined_allocator,2019-01-01,2022-12-31,4.0,10.8,0.46,-28.1,,,,,,,,,,,,,,,,
regime_covid,spy_benchmark,2019-01-01,2022-12-31,4.0,13.06,0.402,-33.72,13.06,22.54,,0.0,1.0,,1008.0,13.06,,63.39,,,,,,
regime_gfc,trend_only,2008-01-01,2010-12-31,3.0,2.1,0.07,-45.4,,,,,,0.0,,,,,,,,,,
regime_gfc,value_only,2008-01-01,2010-12-31,3.0,12.16,0.69,-13.03,12.31,11.82,0.939,2.7,14.1,99.9,757.0,12.16,2010-07-02,41.16,0.933,27.1,14.65,,,
regime_gfc,combined_static,2008-01-01,2010-12-31,3.0,5.09,0.037,-45.64,5.53,29.35,0.05,8.5,29.7,99.9,757.0,5.09,2009-03-05,16.09,0.112,52.4,7.59,,,
regime_gfc,combined_allocator,2008-01-01,2010-12-31,3.0,4.9,0.12,-15.7,,,,,,,,,,,,,,,,
regime_gfc,spy_benchmark,2008-01-01,2010-12-31,3.0,-2.49,-0.215,-51.85,-2.49,30.24,,0.0,1.0,,757.0,-2.49,,-7.3,,,,,,
regime_recent,trend_only,2021-01-01,2026-03-07,5.18,25.1,0.96,-24.9,,,,,,0.0,,,,,,,,,,
regime_recent,value_only,2021-01-01,2026-03-07,5.15,23.78,1.267,-17.79,24.14,15.61,1.78,5.8,29.6,99.9,1299.0,23.78,2022-10-12,200.29,1.336,54.6,9.91,,,
regime_recent,combined_static,2021-01-01,2026-03-07,5.15,28.09,1.256,-20.2,28.54,19.18,1.788,7.0,45.9,99.9,1299.0,28.09,2025-04-08,258.29,1.391,54.6,14.22,,,
regime_recent,combined_allocator,2021-01-01,2026-03-07,5.18,16.5,0.84,-18.2,,,,,,,,,,,,,,,,
regime_recent,spy_benchmark,2021-01-01,2026-03-07,5.15,13.87,0.582,-24.5,13.87,16.96,,0.0,1.0,,1299.0,13.87,,95.31,,,,,,
roll_3y_2008q1,value_only,2008-01-01,2010-12-31,3.0,12.16,0.69,-13.03,12.31,11.82,0.939,2.7,14.1,99.9,757.0,12.16,2010-07-02,41.16,0.933,27.1,14.65,,,
roll_3y_2008q1,combined_static,2008-01-01,2010-12-31,3.0,5.09,0.037,-45.64,5.53,29.35,0.05,8.5,29.7,99.9,757.0,5.09,2009-03-05,16.09,0.112,52.4,7.59,,,
roll_3y_2008q1,spy_benchmark,2008-01-01,2010-12-31,3.0,-2.49,-0.215,-51.85,-2.49,30.24,,0.0,1.0,,757.0,-2.49,,-7.3,,,,,,
roll_3y_2008q3,value_only,2008-07-01,2011-06-30,3.0,16.4,0.967,-13.03,16.59,12.82,1.278,3.3,19.1,99.9,757.0,16.4,2010-07-02,57.8,1.258,37.4,13.25,,,
roll_3y_2008q3,combined_static,2008-07-01,2011-06-30,3.0,7.94,0.138,-39.75,8.38,28.6,0.182,8.4,34.0,99.9,757.0,7.94,2009-03-05,25.81,0.2,52.9,4.8,,,
roll_3y_2008q3,spy_benchmark,2008-07-01,2011-06-30,3.0,3.15,-0.029,-47.17,3.15,29.56,,0.0,1.0,,757.0,3.15,,9.75,,,,,,
roll_3y_2009q1,value_only,2009-01-01,2011-12-31,3.0,15.52,0.654,-17.41,15.73,17.62,0.831,3.7,24.1,99.9,756.0,15.52,2011-10-03,54.18,0.892,46.9,2.65,,,
roll_3y_2009q1,combined_static,2009-01-01,2011-12-31,3.0,20.55,0.722,-22.05,21.0,22.93,1.002,7.5,39.2,99.9,756.0,20.55,2011-08-08,75.2,0.932,54.6,7.68,,,
roll_3y_2009q1,spy_benchmark,2009-01-01,2011-12-31,3.0,12.87,0.39,-27.13,12.87,22.74,,0.0,1.0,,756.0,12.87,,43.8,,,,,,
roll_3y_2009q3,value_only,2009-07-01,2012-06-30,3.0,20.52,0.896,-17.41,20.79,18.45,1.178,4.6,29.1,99.9,757.0,20.52,2011-10-03,75.19,1.179,56.5,4.44,,,
roll_3y_2009q3,combined_static,2009-07-01,2012-06-30,3.0,20.74,0.805,-22.05,21.11,20.8,1.061,6.3,44.3,99.9,757.0,20.74,2011-08-08,76.14,0.94,55.2,4.66,,,
roll_3y_2009q3,spy_benchmark,2009-07-01,2012-06-30,3.0,16.08,0.637,-18.61,16.08,18.97,,0.0,1.0,,757.0,16.08,,56.5,,,,,,
roll_3y_2010q1,value_only,2010-01-01,2012-12-31,2.99,18.05,0.784,-17.41,18.29,17.92,1.029,4.1,29.3,99.9,754.0,18.05,2011-10-03,64.3,1.037,55.6,7.85,,,
roll_3y_2010q1,combined_static,2010-01-01,2012-12-31,2.99,17.54,0.686,-22.05,17.9,19.74,0.903,6.2,44.2,99.9,754.0,17.54,2011-08-08,62.2,0.795,54.3,7.35,,,
roll_3y_2010q1,spy_benchmark,2010-01-01,2012-12-31,2.99,10.2,0.338,-18.61,10.2,18.36,,0.0,1.0,,754.0,10.2,,33.72,,,,,,
roll_3y_2010q3,value_only,2010-07-01,2013-06-30,2.99,19.69,0.934,-17.41,19.93,16.79,1.213,4.1,29.2,99.9,754.0,19.69,2011-10-03,71.23,1.131,56.3,1.17,,,
roll_3y_2010q3,combined_static,2010-07-01,2013-06-30,2.99,20.59,0.918,-22.05,20.96,18.07,1.202,6.3,44.2,99.9,754.0,20.59,2011-08-08,75.1,0.934,55.0,2.07,,,
roll_3y_2010q3,spy_benchmark,2010-07-01,2013-06-30,2.99,18.52,0.846,-18.61,18.52,17.16,,0.0,1.0,,754.0,18.52,,66.26,,,,,,
roll_3y_2011q1,value_only,2011-01-01,2013-12-31,2.99,17.04,0.798,-17.41,17.27,16.34,1.023,3.9,29.2,99.9,754.0,17.04,2011-10-03,60.13,0.979,55.8,1.32,,,
roll_3y_2011q1,combined_static,2011-01-01,2013-12-31,2.99,18.82,0.832,-22.05,19.18,17.8,1.076,6.1,44.9,99.9,754.0,18.82,2011-08-08,67.53,0.853,54.6,3.1,,,
roll_3y_2011q1,spy_benchmark,2011-01-01,2013-12-31,2.99,15.72,0.711,-18.61,15.72,16.48,,0.0,1.0,,754.0,15.72,,54.77,,,,,,
roll_3y_2011q3,value_only,2011-07-01,2014-06-30,2.99,19.98,0.993,-13.37,20.22,16.1,1.244,4.1,29.2,99.9,753.0,19.98,2011-10-03,72.35,1.494,56.0,4.04,,,
roll_3y_2011q3,combined_static,2011-07-01,2014-06-30,2.99,22.43,1.047,-14.89,22.79,17.6,1.322,6.1,45.5,99.9,753.0,22.43,2011-08-08,83.06,1.506,55.6,6.49,,,
roll_3y_2011q3,spy_benchmark,2011-07-01,2014-06-30,2.99,15.94,0.736,-18.37,15.94,16.22,,0.0,1.0,,753.0,15.94,,55.59,,,,,,
roll_3y_2012q1,value_only,2012-01-01,2014-12-31,2.99,23.41,1.626,-7.68,23.66,11.93,2.295,4.2,29.2,99.9,754.0,23.41,2012-05-18,87.64,3.049,56.2,3.68,,,
roll_3y_2012q1,combined_static,2012-01-01,2014-12-31,2.99,26.89,1.627,-9.59,27.27,14.07,2.223,6.2,45.7,99.9,754.0,26.89,2012-06-01,103.9,2.802,56.2,7.15,,,
roll_3y_2012q1,spy_benchmark,2012-01-01,2014-12-31,2.99,19.73,1.348,-9.69,19.73,11.67,,0.0,1.0,,754.0,19.73,,71.39,,,,,,
roll_3y_2012q3,value_only,2012-07-01,2015-06-30,2.99,22.18,1.577,-6.63,22.42,11.53,2.211,4.0,29.2,99.9,753.0,22.18,2013-06-24,81.96,3.345,55.5,5.08,,,
roll_3y_2012q3,combined_static,2012-07-01,2015-06-30,2.99,26.33,1.648,-8.59,26.71,13.55,2.256,6.0,45.9,99.9,753.0,26.33,2014-10-13,101.07,3.066,56.2,9.23,,,
roll_3y_2012q3,spy_benchmark,2012-07-01,2015-06-30,2.99,17.1,1.144,-7.35,17.1,11.46,,0.0,1.0,,753.0,17.1,,60.29,,,,,,
roll_3y_2013q1,value_only,2013-01-01,2015-12-31,3.0,17.71,1.053,-13.89,17.94,13.01,1.41,4.1,29.2,99.9,756.0,17.71,2015-09-28,63.08,1.275,55.1,3.7,,,
roll_3y_2013q1,combined_static,2013-01-01,2015-12-31,3.0,21.27,1.162,-12.15,21.61,14.86,1.54,5.9,46.4,99.9,756.0,21.27,2015-09-29,78.34,1.751,56.3,7.26,,,
roll_3y_2013q1,spy_benchmark,2013-01-01,2015-12-31,3.0,14.01,0.79,-11.91,14.01,12.67,,0.0,1.0,,756.0,14.01,,48.18,,,,,,
roll_3y_2013q3,value_only,2013-07-01,2016-06-30,3.0,16.88,0.954,-13.89,17.11,13.51,1.309,4.1,29.2,99.9,757.0,16.88,2015-09-28,59.76,1.215,53.7,5.59,,,
roll_3y_2013q3,combined_static,2013-07-01,2016-06-30,3.0,18.96,0.999,-13.65,19.31,14.97,1.314,6.0,46.1,99.9,757.0,18.96,2016-02-08,68.45,1.389,55.4,7.67,,,
roll_3y_2013q3,spy_benchmark,2013-07-01,2016-06-30,3.0,11.29,0.543,-13.02,11.29,13.42,,0.0,1.0,,757.0,11.29,,37.9,,,,,,
roll_3y_2014q1,value_only,2014-01-01,2016-12-31,3.0,17.79,1.028,-13.89,18.04,13.42,1.394,4.3,29.2,99.9,756.0,17.79,2015-09-28,63.45,1.281,54.4,8.69,,,
roll_3y_2014q1,combined_static,2014-01-01,2016-12-31,3.0,17.82,0.937,-13.65,18.19,14.75,1.217,6.4,45.5,99.9,756.0,17.82,2016-02-08,63.56,1.306,56.3,8.71,,,
roll_3y_2014q1,spy_benchmark,2014-01-01,2016-12-31,3.0,9.11,0.383,-13.02,9.11,13.34,,0.0,1.0,,756.0,9.11,,29.89,,,,,,
roll_3y_2014q3,value_only,2014-07-01,2017-06-30,3.0,17.88,1.056,-13.89,18.13,13.15,1.436,4.3,29.2,99.9,757.0,17.88,2015-09-28,63.92,1.287,53.4,8.63,,,
roll_3y_2014q3,combined_static,2014-07-01,2017-06-30,3.0,20.0,1.114,-13.65,20.36,14.37,1.448,6.1,45.1,99.9,757.0,20.0,2016-02-08,72.93,1.466,55.7,10.75,,,
roll_3y_2014q3,spy_benchmark,2014-07-01,2017-06-30,3.0,9.25,0.405,-13.02,9.25,12.96,,0.0,1.0,,757.0,9.25,,30.45,,,,,,
roll_3y_2015q1,value_only,2015-01-01,2017-12-31,3.0,18.34,1.16,-13.89,18.59,12.36,1.509,4.4,29.2,99.9,755.0,18.34,2015-09-28,65.6,1.32,55.0,6.97,,,
roll_3y_2015q1,combined_static,2015-01-01,2017-12-31,3.0,21.31,1.265,-13.65,21.67,13.68,1.586,6.1,44.9,99.9,755.0,21.31,2016-02-08,78.4,1.562,57.0,9.95,,,
roll_3y_2015q1,spy_benchmark,2015-01-01,2017-12-31,3.0,11.37,0.598,-13.02,11.37,12.31,,0.0,1.0,,755.0,11.37,,38.06,,,,,,
roll_3y_2015q3,value_only,2015-07-01,2018-06-30,3.0,18.27,1.074,-12.07,18.53,13.29,1.345,4.4,29.2,99.9,756.0,18.27,2015-09-28,65.45,1.514,55.4,6.72,,,
roll_3y_2015q3,combined_static,2015-07-01,2018-06-30,3.0,20.6,1.107,-13.05,20.96,14.99,1.365,6.2,44.7,99.9,756.0,20.6,2016-02-08,75.4,1.579,56.7,9.04,,,
roll_3y_2015q3,spy_benchmark,2015-07-01,2018-06-30,3.0,11.56,0.576,-13.02,11.56,13.11,,0.0,1.0,,756.0,11.56,,38.84,,,,,,
roll_3y_2016q1,value_only,2016-01-01,2018-12-31,2.99,18.57,1.13,-17.84,18.83,12.89,1.39,4.5,29.3,99.9,754.0,18.57,2018-12-24,66.48,1.041,56.0,8.87,,,
roll_3y_2016q1,combined_static,2016-01-01,2018-12-31,2.99,20.73,1.12,-21.13,21.1,14.93,1.354,6.3,44.9,99.9,754.0,20.73,2018-12-24,75.7,0.981,57.4,11.03,,,
roll_3y_2016q1,spy_benchmark,2016-01-01,2018-12-31,2.99,9.7,0.44,-19.35,9.7,12.97,,0.0,1.0,,754.0,9.7,,31.92,,,,,,
roll_3y_2016q3,value_only,2016-07-01,2019-06-30,2.99,18.62,1.13,-17.84,18.88,12.94,1.401,4.5,29.2,99.9,753.0,18.62,2018-12-24,66.57,1.044,55.9,4.61,,,
roll_3y_2016q3,combined_static,2016-07-01,2019-06-30,2.99,19.17,1.014,-21.13,19.53,14.96,1.245,6.2,45.0,99.9,753.0,19.17,2018-12-24,68.9,0.908,56.5,5.17,,,
roll_3y_2016q3,spy_benchmark,2016-07-01,2019-06-30,2.99,14.01,0.81,-19.35,14.01,12.35,,0.0,1.0,,753.0,14.01,,47.95,,,,,,
roll_3y_2017q1,value_only,2017-01-01,2019-12-31,2.99,20.65,1.234,-17.84,20.92,13.49,1.509,4.5,29.2,99.9,754.0,20.65,2018-12-24,75.37,1.158,56.3,5.82,,,
roll_3y_2017q1,combined_static,2017-01-01,2019-12-31,2.99,20.74,1.09,-21.13,21.11,15.35,1.339,6.2,45.4,99.9,754.0,20.74,2018-12-24,75.76,0.982,56.4,5.91,,,
roll_3y_2017q1,spy_benchmark,2017-01-01,2019-12-31,2.99,14.83,0.845,-19.35,14.83,12.82,,0.0,1.0,,754.0,14.83,,51.25,,,,,,
roll_3y_2017q3,value_only,2017-07-01,2020-06-30,2.99,17.07,0.568,-31.43,17.33,23.02,0.642,4.6,29.2,99.9,754.0,17.07,2020-03-23,60.25,0.543,56.2,6.55,,,
roll_3y_2017q3,combined_static,2017-07-01,2020-06-30,2.99,18.31,0.577,-34.33,18.69,24.79,0.633,6.5,45.4,99.9,754.0,18.31,2020-03-23,65.39,0.533,57.1,7.79,,,
roll_3y_2017q3,spy_benchmark,2017-07-01,2020-06-30,2.99,10.52,0.296,-33.72,10.52,22.01,,0.0,1.0,,754.0,10.52,,34.9,,,,,,
roll_3y_2018q1,value_only,2018-01-01,2020-12-31,3.0,15.87,0.497,-31.43,16.14,23.91,0.589,4.8,29.2,99.9,756.0,15.87,2020-03-23,55.58,0.505,54.3,2.14,,,
roll_3y_2018q1,combined_static,2018-01-01,2020-12-31,3.0,19.1,0.59,-34.33,19.47,25.59,0.667,6.4,45.7,99.9,756.0,19.1,2020-03-23,68.93,0.556,55.6,5.36,,,
roll_3y_2018q1,spy_benchmark,2018-01-01,2020-12-31,3.0,13.74,0.426,-33.72,13.74,22.84,,0.0,1.0,,756.0,13.74,,47.13,,,,,,
roll_3y_2018q3,value_only,2018-07-01,2021-06-30,3.0,23.93,0.84,-31.43,24.21,23.73,0.989,4.6,29.2,99.9,755.0,23.93,2020-03-23,90.16,0.761,55.2,5.44,,,
roll_3y_2018q3,combined_static,2018-07-01,2021-06-30,3.0,27.13,0.904,-34.33,27.53,25.58,1.022,6.4,45.8,99.9,755.0,27.13,2020-03-23,105.29,0.79,56.6,8.65,,,
roll_3y_2018q3,spy_benchmark,2018-07-01,2021-06-30,3.0,18.48,0.643,-33.72,18.48,22.53,,0.0,1.0,,755.0,18.48,,66.22,,,,,,
roll_3y_2019q1,value_only,2019-01-01,2021-12-31,3.0,29.89,1.129,-31.43,30.18,22.94,1.309,4.7,29.2,99.9,757.0,29.89,2020-03-23,119.35,0.951,55.7,4.0,,,
roll_3y_2019q1,combined_static,2019-01-01,2021-12-31,3.0,31.39,1.096,-34.33,31.81,24.99,1.244,6.6,45.7,99.9,757.0,31.39,2020-03-23,127.07,0.914,56.1,5.5,,,
roll_3y_2019q1,spy_benchmark,2019-01-01,2021-12-31,3.0,25.89,0.999,-33.72,25.89,21.92,,0.0,1.0,,757.0,25.89,,99.68,,,,,,
roll_3y_2019q3,value_only,2019-07-01,2022-06-30,3.0,19.75,0.649,-31.43,20.03,24.25,0.774,4.9,29.2,99.9,757.0,19.75,2020-03-23,71.82,0.628,54.6,9.52,,,
roll_3y_2019q3,combined_static,2019-07-01,2022-06-30,3.0,20.36,0.616,-34.33,20.75,26.55,0.725,6.6,45.5,99.9,757.0,20.36,2020-03-23,74.47,0.593,55.4,10.13,,,
roll_3y_2019q3,spy_benchmark,2019-07-01,2022-06-30,3.0,10.22,0.263,-33.72,10.22,23.67,,0.0,1.0,,757.0,10.22,,33.96,,,,,,
roll_3y_2020q1,value_only,2020-01-01,2022-12-31,3.0,19.75,0.621,-31.43,20.05,25.35,0.787,5.1,29.2,99.9,756.0,19.75,2020-03-23,71.72,0.628,52.7,12.46,,,
roll_3y_2020q1,combined_static,2020-01-01,2022-12-31,3.0,19.96,0.588,-34.33,20.34,27.14,0.717,6.5,45.1,99.9,756.0,19.96,2020-03-23,72.62,0.581,54.0,12.67,,,
roll_3y_2020q1,spy_benchmark,2020-01-01,2022-12-31,3.0,7.29,0.131,-33.72,7.29,25.0,,0.0,1.0,,756.0,7.29,,23.49,,,,,,
roll_3y_2020q3,value_only,2020-07-01,2023-06-30,3.0,20.87,0.948,-17.79,21.17,17.8,1.374,5.1,29.2,99.9,755.0,20.87,2022-10-12,76.46,1.173,52.5,6.55,,,
roll_3y_2020q3,combined_static,2020-07-01,2023-06-30,3.0,19.49,0.806,-17.28,19.89,19.21,1.152,6.9,44.8,99.9,755.0,19.49,2022-06-17,70.48,1.128,52.9,5.17,,,
roll_3y_2020q3,spy_benchmark,2020-07-01,2023-06-30,3.0,14.32,0.566,-24.5,14.32,18.24,,0.0,1.0,,755.0,14.32,,49.34,,,,,,
roll_3y_2021q1,value_only,2021-01-01,2023-12-31,2.99,19.58,0.926,-17.79,19.89,16.82,1.352,5.3,29.3,99.9,753.0,19.58,2022-10-12,70.62,1.1,52.4,9.09,,,
roll_3y_2021q1,combined_static,2021-01-01,2023-12-31,2.99,18.1,0.762,-17.28,18.51,18.5,1.12,7.1,45.0,99.9,753.0,18.1,2022-06-17,64.41,1.048,52.5,7.61,,,
roll_3y_2021q1,spy_benchmark,2021-01-01,2023-12-31,2.99,10.49,0.369,-24.5,10.49,17.6,,0.0,1.0,,753.0,10.49,,34.74,,,,,,
roll_3y_2021q3,value_only,2021-07-01,2024-06-30,2.99,16.36,0.754,-17.79,16.68,16.39,1.077,5.6,29.2,99.9,753.0,16.36,2022-10-12,57.27,0.92,52.4,6.58,,,
roll_3y_2021q3,combined_static,2021-07-01,2024-06-30,2.99,19.95,0.879,-17.28,20.37,18.14,1.302,7.1,44.8,99.9,753.0,19.95,2022-06-17,72.23,1.155,51.5,10.17,,,
roll_3y_2021q3,spy_benchmark,2021-07-01,2024-06-30,2.99,9.78,0.334,-24.5,9.78,17.3,,0.0,1.0,,753.0,9.78,,32.15,,,,,,
roll_3y_2022q1,value_only,2022-01-01,2024-12-31,2.99,16.87,0.782,-17.79,17.2,16.45,1.127,5.9,29.2,99.9,753.0,16.87,2022-10-12,59.32,0.948,52.1,8.2,,,
roll_3y_2022q1,combined_static,2022-01-01,2024-12-31,2.99,24.7,1.108,-16.16,25.14,18.69,1.614,7.2,45.1,99.9,753.0,24.7,2022-06-17,93.42,1.529,52.1,16.04,,,
roll_3y_2022q1,spy_benchmark,2022-01-01,2024-12-31,2.99,8.67,0.267,-24.47,8.67,17.51,,0.0,1.0,,753.0,8.67,,28.19,,,,,,
roll_3y_2022q3,value_only,2022-07-01,2025-06-30,2.98,23.21,1.214,-14.01,23.57,15.83,1.767,6.0,29.2,99.9,751.0,23.21,2025-04-08,86.29,1.657,52.5,3.94,,,
roll_3y_2022q3,combined_static,2022-07-01,2025-06-30,2.98,32.38,1.49,-20.2,32.86,19.05,2.114,7.3,45.5,99.9,751.0,32.38,2025-04-08,130.71,1.603,53.5,13.11,,,
roll_3y_2022q3,spy_benchmark,2022-07-01,2025-06-30,2.98,19.27,0.872,-18.76,19.27,17.52,,0.0,1.0,,751.0,19.27,,69.09,,,,,,
roll_3y_2023q1,value_only,2023-01-01,2025-12-31,2.98,25.78,1.605,-14.01,26.17,13.56,2.246,6.4,29.2,99.9,752.0,25.78,2025-04-08,98.25,1.84,54.3,2.6,,,
roll_3y_2023q1,combined_static,2023-01-01,2025-12-31,2.98,36.24,1.758,-20.2,36.74,18.34,2.398,7.5,45.8,99.9,752.0,36.24,2025-04-08,151.65,1.794,54.7,13.06,,,
roll_3y_2023q1,spy_benchmark,2023-01-01,2025-12-31,2.98,23.18,1.249,-18.76,23.18,15.35,,0.0,1.0,,752.0,23.18,,86.28,,,,,,
roll_5y_2008q1,value_only,2008-01-01,2012-12-31,5.0,12.96,0.605,-17.41,13.13,14.8,0.787,3.1,20.4,99.9,1259.0,12.96,2011-10-03,83.81,0.744,38.9,11.11,,,
roll_5y_2008q1,combined_static,2008-01-01,2012-12-31,5.0,7.26,0.126,-45.64,7.66,25.89,0.166,7.5,35.8,99.9,1259.0,7.26,2009-03-05,41.95,0.159,53.3,5.42,,,
roll_5y_2008q1,spy_benchmark,2008-01-01,2012-12-31,5.0,1.84,-0.082,-51.85,1.84,26.22,,0.0,1.0,,1259.0,1.84,,9.56,,,,,,
roll_5y_2009q1,value_only,2009-01-01,2013-12-31,4.99,18.83,0.946,-17.41,19.05,15.67,1.216,3.8,26.5,99.9,1258.0,18.83,2011-10-03,136.6,1.082,51.0,1.65,,,
roll_5y_2009q1,combined_static,2009-01-01,2013-12-31,4.99,24.71,1.046,-22.05,25.13,19.81,1.415,6.8,41.9,99.9,1258.0,24.71,2011-08-08,201.15,1.121,55.4,7.53,,,
roll_5y_2009q1,spy_benchmark,2009-01-01,2013-12-31,4.99,17.18,0.688,-27.13,17.18,19.16,,0.0,1.0,,1258.0,17.18,,120.68,,,,,,
roll_5y_2010q1,value_only,2010-01-01,2014-12-31,4.99,22.34,1.169,-17.41,22.57,15.69,1.51,3.8,29.6,99.9,1258.0,22.34,2011-10-03,173.66,1.283,57.3,7.36,,,
roll_5y_2010q1,combined_static,2010-01-01,2014-12-31,4.99,23.24,1.085,-22.05,23.6,17.73,1.411,6.0,45.8,99.9,1258.0,23.24,2011-08-08,183.83,1.054,56.5,8.26,,,
roll_5y_2010q1,spy_benchmark,2010-01-01,2014-12-31,4.99,14.98,0.692,-18.61,14.98,15.87,,0.0,1.0,,1258.0,14.98,,100.74,,,,,,
roll_5y_2011q1,value_only,2011-01-01,2015-12-31,4.99,16.32,0.801,-17.41,16.55,15.39,1.052,3.9,29.5,99.9,1258.0,16.32,2011-10-03,112.73,0.938,55.5,4.11,,,
roll_5y_2011q1,combined_static,2011-01-01,2015-12-31,4.99,17.42,0.794,-22.05,17.77,16.91,1.039,5.9,45.9,99.9,1258.0,17.42,2011-08-08,122.95,0.79,55.5,5.21,,,
roll_5y_2011q1,spy_benchmark,2011-01-01,2015-12-31,4.99,12.22,0.535,-18.61,12.22,15.35,,0.0,1.0,,1258.0,12.22,,77.78,,,,,,
roll_5y_2012q1,value_only,2012-01-01,2016-12-31,4.99,18.26,1.098,-13.89,18.51,12.99,1.518,4.2,29.5,99.9,1258.0,18.26,2015-09-28,131.01,1.315,55.2,4.03,,,
roll_5y_2012q1,combined_static,2012-01-01,2016-12-31,4.99,22.09,1.247,-13.65,22.46,14.5,1.675,6.2,45.9,99.9,1258.0,22.09,2016-02-08,170.8,1.619,56.4,7.85,,,
roll_5y_2012q1,spy_benchmark,2012-01-01,2016-12-31,4.99,14.23,0.801,-13.02,14.23,12.78,,0.0,1.0,,1258.0,14.23,,94.33,,,,,,
roll_5y_2013q1,value_only,2013-01-01,2017-12-31,5.0,21.02,1.401,-13.89,21.26,12.15,1.846,4.0,29.5,99.9,1259.0,21.02,2015-09-28,159.37,1.513,56.5,5.91,,,
roll_5y_2013q1,combined_static,2013-01-01,2017-12-31,5.0,23.95,1.425,-13.65,24.3,14.0,1.836,5.8,46.2,99.9,1259.0,23.95,2016-02-08,192.28,1.755,57.8,8.84,,,
roll_5y_2013q1,spy_benchmark,2013-01-01,2017-12-31,5.0,15.11,0.941,-13.02,15.11,11.81,,0.0,1.0,,1259.0,15.11,,101.98,,,,,,
roll_5y_2014q1,value_only,2014-01-01,2018-12-31,4.99,16.97,0.964,-17.84,17.22,13.46,1.249,4.2,29.5,99.9,1258.0,16.97,2018-12-24,118.73,0.952,55.6,8.39,,,
roll_5y_2014q1,combined_static,2014-01-01,2018-12-31,4.99,17.55,0.885,-21.13,17.9,15.31,1.114,6.1,45.7,99.9,1258.0,17.55,2018-12-24,124.15,0.831,57.1,8.96,,,
roll_5y_2014q1,spy_benchmark,2014-01-01,2018-12-31,4.99,8.59,0.348,-19.35,8.59,13.19,,0.0,1.0,,1258.0,8.59,,50.86,,,,,,
roll_5y_2015q1,value_only,2015-01-01,2019-12-31,4.99,17.72,0.997,-17.84,17.97,13.76,1.27,4.4,29.5,99.9,1258.0,17.72,2018-12-24,125.77,0.993,55.5,6.13,,,
roll_5y_2015q1,combined_static,2015-01-01,2019-12-31,4.99,19.57,1.025,-21.13,19.93,15.18,1.283,6.2,45.7,99.9,1258.0,19.57,2018-12-24,144.01,0.926,57.0,7.97,,,
roll_5y_2015q1,spy_benchmark,2015-01-01,2019-12-31,4.99,11.59,0.565,-19.35,11.59,13.43,,0.0,1.0,,1258.0,11.59,,72.89,,,,,,
roll_5y_2016q1,value_only,2016-01-01,2020-12-31,5.0,22.54,0.946,-31.43,22.81,19.59,1.086,4.4,29.6,99.9,1259.0,22.54,2020-03-23,176.12,0.717,56.5,7.11,,,
roll_5y_2016q1,combined_static,2016-01-01,2020-12-31,5.0,25.8,1.027,-34.33,26.19,21.22,1.138,6.2,45.8,99.9,1259.0,25.8,2020-03-23,214.81,0.752,57.9,10.37,,,
roll_5y_2016q1,spy_benchmark,2016-01-01,2020-12-31,5.0,15.43,0.606,-33.72,15.43,18.86,,0.0,1.0,,1259.0,15.43,,104.85,,,,,,
roll_5y_2017q1,value_only,2017-01-01,2021-12-31,5.0,25.23,1.069,-31.43,25.51,19.87,1.24,4.5,29.5,99.9,1259.0,25.23,2020-03-23,207.71,0.803,56.6,7.05,,,
roll_5y_2017q1,combined_static,2017-01-01,2021-12-31,5.0,26.29,1.015,-34.33,26.68,21.97,1.163,6.2,45.9,99.9,1259.0,26.29,2020-03-23,221.0,0.766,57.1,8.11,,,
roll_5y_2017q1,spy_benchmark,2017-01-01,2021-12-31,5.0,18.18,0.752,-33.72,18.18,18.86,,0.0,1.0,,1259.0,18.18,,130.4,,,,,,
roll_5y_2018q1,value_only,2018-01-01,2022-12-31,5.0,16.47,0.567,-31.43,16.75,21.98,0.71,4.8,29.5,99.9,1259.0,16.47,2020-03-23,114.22,0.524,54.0,7.31,,,
roll_5y_2018q1,combined_static,2018-01-01,2022-12-31,5.0,17.03,0.551,-34.33,17.4,23.65,0.67,6.4,45.8,99.9,1259.0,17.03,2020-03-23,119.41,0.496,55.0,7.87,,,
roll_5y_2018q1,spy_benchmark,2018-01-01,2022-12-31,5.0,9.16,0.24,-33.72,9.16,21.55,,0.0,1.0,,1259.0,9.16,,54.98,,,,,,
roll_5y_2019q1,value_only,2019-01-01,2023-12-31,4.99,21.67,0.83,-31.43,21.97,21.28,1.04,4.9,29.5,99.9,1258.0,21.67,2020-03-23,166.22,0.689,53.9,6.08,,,
roll_5y_2019q1,combined_static,2019-01-01,2023-12-31,4.99,22.81,0.821,-34.33,23.21,22.91,1.001,6.7,45.8,99.9,1258.0,22.81,2020-03-23,178.9,0.664,54.6,7.21,,,
roll_5y_2019q1,spy_benchmark,2019-01-01,2023-12-31,4.99,15.6,0.552,-33.72,15.6,21.0,,0.0,1.0,,1258.0,15.6,,106.16,,,,,,
roll_5y_2020q1,value_only,2020-01-01,2024-12-31,4.99,22.76,0.886,-31.43,23.08,21.17,1.117,5.3,29.5,99.9,1258.0,22.76,2020-03-23,178.38,0.724,53.9,8.5,,,
roll_5y_2020q1,combined_static,2020-01-01,2024-12-31,4.99,26.92,0.973,-34.33,27.34,23.56,1.218,6.7,45.7,99.9,1258.0,26.92,2020-03-23,228.72,0.784,54.2,12.65,,,
roll_5y_2020q1,spy_benchmark,2020-01-01,2024-12-31,4.99,14.27,0.489,-33.72,14.27,21.0,,0.0,1.0,,1258.0,14.27,,94.58,,,,,,
roll_5y_2021q1,value_only,2021-01-01,2025-12-31,4.98,23.32,1.224,-17.79,23.67,15.79,1.724,5.8,29.6,99.9,1255.0,23.32,2022-10-12,184.05,1.311,54.1,8.61,,,
roll_5y_2021q1,combined_static,2021-01-01,2025-12-31,4.98,27.56,1.235,-20.2,28.01,19.07,1.747,7.1,45.9,99.9,1255.0,27.56,2025-04-08,236.1,1.364,54.6,12.85,,,
roll_5y_2021q1,spy_benchmark,2021-01-01,2025-12-31,4.98,14.71,0.626,-24.5,14.71,17.11,,0.0,1.0,,1255.0,14.71,,98.08,,,,,,
