date,value_only,combined_static
2013-01-02,1.0,1.0
2013-01-03,1.0,1.0
2013-01-04,1.0,1.0
2013-01-07,1.0,1.0
2013-01-08,1.0,1.0
2013-01-09,1.0,1.0
2013-01-10,1.0,1.0
2013-01-11,1.0,1.0
2013-01-14,1.0,1.0
2013-01-15,1.0,1.0
2013-01-16,1.0,1.0
2013-01-17,1.0,1.0
2013-01-18,1.0,1.0
2013-01-22,1.0,1.0
2013-01-23,1.0,1.0
2013-01-24,1.0,1.0
2013-01-25,1.0,1.0
2013-01-28,1.0,1.0
2013-01-29,1.0,1.0
2013-01-30,1.0,1.0
2013-01-31,0.9995,0.9995
2013-02-01,1.0105422571862377,1.013304594209063
2013-02-04,1.0014600022918043,1.0011570024863234
2013-02-05,1.012285206004829,1.0091950195342971
2013-02-06,1.0128755681643393,1.0104198938336308
2013-02-07,1.0143012759718781,1.0092064761798634
2013-02-08,1.0214661944532086,1.0150151244270258
2013-02-11,1.021686332291395,1.0162836407109006
2013-02-12,1.0213171850511797,1.0188374607812005
2013-02-13,1.0218756691244937,1.0199544288075633
2013-02-14,1.0271300174019673,1.0269190845282516
2013-02-15,1.0290474117214816,1.0290643090751777
2013-02-19,1.0301302296341244,1.0339902299343071
2013-02-20,1.011456115745154,1.0120645650478206
2013-02-21,1.0058871535955785,1.0035522422421503
2013-02-22,1.014245434106278,1.0133024437064782
2013-02-25,0.9960697848370351,0.9928359528428684
2013-02-26,1.002190127303961,0.999882700631979
2013-02-27,1.016512450024157,1.0170674336242338
2013-02-28,1.011594290190699,1.0148278800406962
2013-03-01,1.0151376169502864,1.0190775425916108
2013-03-04,1.0150642240480845,1.021582394820056
2013-03-05,1.0219010358259573,1.0301694641234804
2013-03-06,1.0248196176054118,1.034708662273986
2013-03-07,1.02422912628345,1.0349832661565286
2013-03-08,1.028338013498254,1.0397524135738088
2013-03-11,1.0306880550068256,1.0428219327545676
2013-03-12,1.0290143853819407,1.0431593439768565
2013-03-13,1.0300179964776652,1.0454753963867762
2013-03-14,1.0325846633543143,1.0497834014952858
2013-03-15,1.0306802720944443,1.0472175388433873
2013-03-18,1.0296369143028916,1.0412080851704142
2013-03-19,1.0310637405234815,1.0373480923627891
2013-03-20,1.0420344781166675,1.04829148154115
2013-03-21,1.0369379543603423,1.0380344800496206
2013-03-22,1.0423550536784671,1.0428529226182852
2013-03-25,1.0371692691196293,1.035801387694386
2013-03-26,1.0451252584623651,1.0479395186944
2013-03-27,1.044330507175677,1.0498406687819986
2013-03-28,1.0491494533501078,1.054525030486024
2013-04-01,1.0429687532219227,1.046627915069952
2013-04-02,1.0440515255066183,1.0472921819599768
2013-04-03,1.0332361735380249,1.0296076385202766
2013-04-04,1.0386428491585205,1.0360775557170379
2013-04-05,1.035398465154732,1.0344761565112923
2013-04-08,1.0429587228878543,1.0444723474284827
2013-04-09,1.0498747210046615,1.0538114332178212
2013-04-10,1.0591842682050594,1.0653618305127277
2013-04-11,1.064786565248101,1.0673991130681493
2013-04-12,1.0584318409367677,1.06171323792621
2013-04-15,1.0290433481154457,1.0326455083765005
2013-04-16,1.0431059761570414,1.0508792341575135
2013-04-17,1.0259042720190215,1.0309822659503742
2013-04-18,1.0163851897821075,1.0186126937748163
2013-04-19,1.0259720378543342,1.030022140354028
2013-04-22,1.0328458775076024,1.038750108550064
2013-04-23,1.0496001541443771,1.0629082385815583
2013-04-24,1.053295055981389,1.0657234826525046
2013-04-25,1.0574383834091592,1.0741458001864224
2013-04-26,1.0553038262920853,1.071770143656656
2013-04-29,1.0614046365820127,1.0789837063334091
2013-04-30,1.059972995767485,1.077396615030552
2013-05-01,1.0500778279725982,1.066428119474882
2013-05-02,1.0587850130265675,1.0807718167822549
2013-05-03,1.072757705033011,1.098355859226493
2013-05-06,1.0738887627996407,1.1054018878495606
2013-05-07,1.0776290905612171,1.1073681891828906
2013-05-08,1.0877138373001918,1.1158562993965155
2013-05-09,1.0840280333838734,1.1114040556026454
2013-05-10,1.0882106398943079,1.1160024841666996
2013-05-13,1.0872816630057334,1.117710252395267
2013-05-14,1.0984849038500761,1.1335928525835
2013-05-15,1.1037674839787366,1.1416070444695516
2013-05-16,1.095258540880977,1.132164027764068
2013-05-17,1.1029726445851054,1.1450200320422175
2013-05-20,1.1035204013855187,1.1431089221346074
2013-05-21,1.1058190370119587,1.1441331712464273
2013-05-22,1.0943986027556842,1.1307031107988208
2013-05-23,1.0909653790253293,1.12536274788383
2013-05-24,1.0909348617926369,1.1279768011794782
2013-05-28,1.0931679585452494,1.134523387641219
2013-05-29,1.087092120374811,1.1283304271165806
2013-05-30,1.0918424585567748,1.1377960192056031
2013-05-31,1.079610095542181,1.1227161377693171
2013-06-03,1.0847687654211127,1.1205880618816162
2013-06-04,1.080569779390062,1.1145686698804038
2013-06-05,1.0659044964715725,1.0981867595174748
2013-06-06,1.0780562652841037,1.1143241766918053
2013-06-07,1.0910064860784046,1.1324530391763215
2013-06-10,1.088825190679431,1.132994815903014
2013-06-11,1.0763932099376616,1.1168514306730868
2013-06-12,1.0707215872961051,1.1076667673223426
2013-06-13,1.0866024244442047,1.1238760667477
2013-06-14,1.0792393904411086,1.1167985239507026
2013-06-17,1.084753412972434,1.1248161821184481
2013-06-18,1.091540980019095,1.133244990111523
2013-06-19,1.0766014500300582,1.1193103829911017
2013-06-20,1.0436927393003372,1.0822491648583308
2013-06-21,1.0470745696447084,1.0815304937504922
2013-06-24,1.032504470280788,1.0644146756035604
2013-06-25,1.0421635160669538,1.0786037042477095
2013-06-26,1.0481249038014864,1.0890341508386365
2013-06-27,1.0541027731393056,1.1004026897412496
2013-06-28,1.055225000420651,1.0981979064117116
2013-07-01,1.059660854825468,1.1078685872524963
2013-07-02,1.055717605194792,1.1026711456859677
2013-07-03,1.0577552889354649,1.1034267842717629
2013-07-05,1.063866573064577,1.114156138912101
2013-07-08,1.0691348968314074,1.1191216380287639
2013-07-09,1.0719660045778792,1.125694081766494
2013-07-10,1.0716616562804582,1.124108874033623
2013-07-11,1.0924617193238377,1.1473415175707709
2013-07-12,1.0933774287505797,1.1577156997716618
2013-07-15,1.0951953137055621,1.1600731920226761
2013-07-16,1.0902709637187569,1.1488326138870353
2013-07-17,1.0929837793486952,1.156570132942116
2013-07-18,1.0998950233238418,1.1670188701026414
2013-07-19,1.103780711441113,1.1692920286372306
2013-07-22,1.1083627150934496,1.1751509757658865
2013-07-23,1.1120556971643805,1.1703643745019197
2013-07-24,1.1034007068132907,1.1608819719021448
2013-07-25,1.1077827519395893,1.1682029492653863
2013-07-26,1.110353156472129,1.1685695738159985
2013-07-29,1.1076742735391296,1.1643889656370312
2013-07-30,1.1099333476604598,1.1685475703923858
2013-07-31,1.1124288684676564,1.1719312475597192
2013-08-01,1.126902992574455,1.1895121683732777
2013-08-02,1.1271511201240425,1.1882421885331276
2013-08-05,1.1238454661238526,1.1889500749554098
2013-08-06,1.1183371666761976,1.1829762604086564
2013-08-07,1.1176943250762135,1.1764346083009325
2013-08-08,1.1234648986674831,1.1863104607472388
2013-08-09,1.1202625403248836,1.1844059034321632
2013-08-12,1.117966279181016,1.181481368589292
2013-08-13,1.1228952047794338,1.190907226248373
2013-08-14,1.1177751546858536,1.1853163477791668
2013-08-15,1.099730504395672,1.162044688601445
2013-08-16,1.0958712372510235,1.1602926087264058
2013-08-19,1.0915600457775072,1.154750636323328
2013-08-20,1.0968336451955911,1.163735538327609
2013-08-21,1.091220335802054,1.158655872830689
2013-08-22,1.1014230446318103,1.169930030787693
2013-08-23,1.1047430944642582,1.1733664206360386
2013-08-26,1.104815314125055,1.1727307549891572
2013-08-27,1.0855289451561982,1.1456267724963518
2013-08-28,1.0887721525841185,1.1515108976912691
2013-08-29,1.0898361281864588,1.156054619115254
2013-08-30,1.0862499405331763,1.1498524372799712
2013-09-03,1.0889035753025633,1.159352887973858
2013-09-04,1.10004645155275,1.175177289784263
2013-09-05,1.1001364302348062,1.1793114884571594
2013-09-06,1.099998581685542,1.178457947020269
2013-09-09,1.1104126296790977,1.1896872480297467
2013-09-10,1.1169702634575593,1.2018636291690667
2013-09-11,1.1202765923611038,1.2054674080079018
2013-09-12,1.117590281240753,1.2016177247679543
2013-09-13,1.1195355506309823,1.2010533430129768
2013-09-16,1.1274081743672706,1.2065137982401442
2013-09-17,1.1312506490032679,1.2134559448307185
2013-09-18,1.1449477572844309,1.2212857356938378
2013-09-19,1.142075280570835,1.220101318455363
2013-09-20,1.1343074866181813,1.2158039989692166
2013-09-23,1.1303470272363285,1.2073797160269413
2013-09-24,1.1279562267894867,1.2095209607763406
2013-09-25,1.1252491493020844,1.210779419315421
2013-09-26,1.1257100914575997,1.2170643520211653
2013-09-27,1.1199445334349187,1.2150099498031948
2013-09-30,1.1146278873839717,1.2089722636361406
2013-10-01,1.120808827184389,1.219585225084959
2013-10-02,1.1195079589955887,1.2192144616490843
2013-10-03,1.1069966041884467,1.2055437992305122
2013-10-04,1.11380007060356,1.2191505216463612
2013-10-07,1.1074055879255607,1.2084965328080546
2013-10-08,1.0981830572475666,1.184569144918998
2013-10-09,1.0982728886897866,1.1781336338163995
2013-10-10,1.1241424487765308,1.2129014069716448
2013-10-11,1.1315446815745231,1.217713514038916
2013-10-14,1.1382063506068922,1.2312896892162708
2013-10-15,1.1322690479296014,1.2259513535251372
2013-10-16,1.1446714032873166,1.2463538537575143
2013-10-17,1.1505538319895985,1.2548380944000643
2013-10-18,1.1524152500799225,1.2541974701376724
2013-10-21,1.1524878066683586,1.2512812534433637
2013-10-22,1.1625876057438493,1.2549529158152914
2013-10-23,1.1574311217743691,1.2490069075124945
2013-10-24,1.1586918505320316,1.2563312127420025
2013-10-25,1.1632219645836142,1.2579083402909854
2013-10-28,1.1646580641706585,1.2503275522397883
2013-10-29,1.1679903871730757,1.2548576402208975
2013-10-30,1.1597520610790477,1.2450714131244969
2013-10-31,1.1565222794150367,1.2432557818461818
2013-11-01,1.1580645130933145,1.2452924500663913
2013-11-04,1.162959358334317,1.2532547535080083
2013-11-05,1.1617734329686096,1.2575007167665726
2013-11-06,1.1687603353054346,1.2492121759273265
2013-11-07,1.1554524432074085,1.2260853200122073
2013-11-08,1.1690949050580355,1.2419163454066555
2013-11-11,1.1703293357723186,1.2421504473445373
2013-11-12,1.167363761859478,1.2388487631274145
2013-11-13,1.1755809336672074,1.2492090628055792
2013-11-14,1.1830434611898542,1.257500928386547
2013-11-15,1.184379714825965,1.2604365269247289
2013-11-18,1.1771671766579934,1.2459806963195463
2013-11-19,1.176371198443205,1.2471984229837563
2013-11-20,1.1699671337681146,1.2420647990445894
2013-11-21,1.1786562222931103,1.25509444304274
2013-11-22,1.1852509550152712,1.2660823071449279
2013-11-25,1.184067892309816,1.2616369267764485
2013-11-26,1.1844962809345372,1.2709621237457225
2013-11-27,1.1896070056101264,1.2793373883194477
2013-11-29,1.1865076655946298,1.2784198342685367
2013-12-02,1.1815130111152088,1.2747459198875206
2013-12-03,1.1808313766500178,1.2766753475146417
2013-12-04,1.177483202388139,1.2741400412441048
2013-12-05,1.1751914547183742,1.2709075324693948
2013-12-06,1.1869273315036104,1.2842070167395232
2013-12-09,1.1901036548655664,1.287496160082982
2013-12-10,1.191052909011419,1.2863335058888956
2013-12-11,1.175617310123374,1.266785629354559
2013-12-12,1.1716199266400262,1.2687753417884582
2013-12-13,1.1711516976846967,1.275241661944622
2013-12-16,1.1779772640934636,1.2826770993517849
2013-12-17,1.1753124004844606,1.2840316749954872
2013-12-18,1.1962234820191577,1.3007519824415914
2013-12-19,1.1955426762793933,1.300059819940246
2013-12-20,1.2035148101576498,1.3184661055497395
2013-12-23,1.2104211091868553,1.325265405252579
2013-12-24,1.215018983376461,1.330775800670614
2013-12-26,1.2217079185390771,1.339574488559795
2013-12-27,1.222453333747409,1.3354956365299657
2013-12-30,1.2222991971395059,1.3337627980216376
2013-12-31,1.2275768767696225,1.340041688125755
2014-01-02,1.2190234241133273,1.3287564903644042
2014-01-03,1.218838305592851,1.3303889793299168
2014-01-06,1.2163770656526036,1.3295288195404111
2014-01-07,1.2272512243248905,1.3424830491728907
2014-01-08,1.226743528091372,1.350779396758461
2014-01-09,1.2279940741601296,1.3479433525812372
2014-01-10,1.2370154680307666,1.3556482931446947
2014-01-13,1.2202865473155173,1.3372993805672746
2014-01-14,1.232329941444006,1.3615734000299655
2014-01-15,1.2359032059853028,1.3695939728472653
2014-01-16,1.2331212490934305,1.3702093641920492
2014-01-17,1.2322037809654312,1.3672622485750339
2014-01-21,1.2387964863394574,1.3785015026976855
2014-01-22,1.2411723019609717,1.3798614599366628
2014-01-23,1.2338978362470958,1.3731132701897681
2014-01-24,1.2050248754597774,1.3376797650885288
2014-01-27,1.201161926567217,1.3294000692608123
2014-01-28,1.2075895829274919,1.3403041804884583
2014-01-29,1.1986879950589,1.328135630689646
2014-01-30,1.2070122417321043,1.3483585691340847
2014-01-31,1.1959012463686263,1.337203023973572
2014-02-03,1.1694837320602272,1.3044523455081793
2014-02-04,1.1773724639448913,1.314631333982263
2014-02-05,1.1769369363969642,1.314441754249679
2014-02-06,1.1951170524262984,1.3311833134286786
2014-02-07,1.211442099339819,1.3590960555025253
2014-02-10,1.2178919456947812,1.3631402440451352
2014-02-11,1.2337376949603085,1.3780843817920128
2014-02-12,1.2367559149570915,1.3808272076821393
2014-02-13,1.2464080485589397,1.3939682211039273
2014-02-14,1.2569350553076906,1.402904773074037
2014-02-18,1.2598383749219362,1.4075146970704675
2014-02-19,1.2551418142827777,1.3982864165952518
2014-02-20,1.2610392176748617,1.4097903308721145
2014-02-21,1.2597667304698217,1.4097422741257055
2014-02-24,1.268810854659415,1.421212903904993
2014-02-25,1.2658662081910625,1.422067537698847
2014-02-26,1.2658597171266377,1.4222257093706696
2014-02-27,1.2701662117449861,1.428798160481008
2014-02-28,1.2757946426879534,1.429363204478863
2014-03-03,1.2683178095408743,1.4181739672585632
2014-03-04,1.2856866513327545,1.444987641329742
2014-03-05,1.284553497357892,1.4451246557936446
2014-03-06,1.2869018120967115,1.4457006837999342
2014-03-07,1.2882234704345237,1.4435031037194868
2014-03-10,1.2840289357050574,1.438688045271575
2014-03-11,1.2796113933249496,1.4317613112150112
2014-03-12,1.2811903659079131,1.4377830008401418
2014-03-13,1.2651264477567625,1.4156738479307125
2014-03-14,1.2618247391025001,1.4061791653864413
2014-03-17,1.2757293868861819,1.421292378265629
2014-03-18,1.2818578935425677,1.4346782833373113
2014-03-19,1.271547289734099,1.4217869014736455
2014-03-20,1.2768712952790757,1.4253588939211141
2014-03-21,1.2784241872547424,1.410200163749685
2014-03-24,1.2704415859043865,1.3905855740678819
2014-03-25,1.2797239983496878,1.3948448404141562
2014-03-26,1.2723947481580542,1.3769101899800793
2014-03-27,1.2718697566594799,1.3753836514097053
2014-03-28,1.2813585436180053,1.3815384589532975
2014-03-31,1.2900859815778412,1.3945549624768194
2014-04-01,1.3015684847357907,1.4178807602797732
2014-04-02,1.3065183949474681,1.4204989373787198
2014-04-03,1.3057310426623583,1.4000081256483223
2014-04-04,1.288116714783488,1.365880623107679
2014-04-07,1.2768259760862883,1.3463185810651201
2014-04-08,1.282415245405222,1.35929828407284
2014-04-09,1.294598956825992,1.3861383578184296
2014-04-10,1.2685674977557881,1.3414611795315965
2014-04-11,1.257503393082062,1.3247215031105812
2014-04-14,1.264027176965781,1.3334280691860085
2014-04-15,1.2697237856628503,1.3451812198715993
2014-04-16,1.2842180835653865,1.3635537212725763
2014-04-17,1.2925843084105804,1.3766060673562424
2014-04-21,1.296691217362414,1.384738677719754
2014-04-22,1.3049133391595416,1.4034521449313389
2014-04-23,1.2956842120291274,1.3900036675424607
2014-04-24,1.3051764565512238,1.3868890579585438
2014-04-25,1.2958192152652919,1.3596442233735095
2014-04-28,1.29975308198643,1.3506934908150388
2014-04-29,1.3017965443425437,1.365819824343143
2014-04-30,1.3050336904879234,1.3739739473018966
2014-05-01,1.3074434035164897,1.3777731913924778
2014-05-02,1.3066258120512166,1.378146874792754
2014-05-05,1.3099104945709261,1.3822248303311293
2014-05-06,1.2979737985356539,1.3683899164920152
2014-05-07,1.3054212827264988,1.3678146972176468
2014-05-08,1.3038958349412642,1.362470506738952
2014-05-09,1.3069352518552744,1.3631654838029148
2014-05-12,1.3225837377921013,1.387879448682664
2014-05-13,1.3222604457932945,1.3900070803977957
2014-05-14,1.3209797316516625,1.386246214528428
2014-05-15,1.310844422308778,1.3740648701049438
2014-05-16,1.3185206893945844,1.3857632103890511
2014-05-19,1.3235864040578875,1.3964526433121869
2014-05-20,1.3157372341102018,1.387133538158119
2014-05-21,1.3246510050915936,1.3988188387280658
2014-05-22,1.3278085280905894,1.4057665041897163
2014-05-23,1.3346267169332267,1.4152262847262707
2014-05-27,1.3392973418330574,1.4264539598671746
2014-05-28,1.337422944305511,1.4252019240996914
2014-05-29,1.3451013974852606,1.4371731359544155
2014-05-30,1.347330582700741,1.4382571842562666
2014-06-02,1.3484626852720432,1.4405211592371556
2014-06-03,1.3472294980827926,1.4383702081948062
2014-06-04,1.3525204652180507,1.443475419038753
2014-06-05,1.3600453900903664,1.4507126822971665
2014-06-06,1.3656417668141532,1.4569349787844466
2014-06-09,1.362405338123775,1.4538026214061837
2014-06-10,1.3635263388676666,1.452440161250007
2014-06-11,1.3619704518028113,1.4515739342336211
2014-06-12,1.354708154420654,1.4392297827241767
2014-06-13,1.3580014948050292,1.4425437086822013
2014-06-16,1.3607261550800127,1.4444432728577496
2014-06-17,1.362863999046735,1.4490815433985562
2014-06-18,1.3732861484275323,1.4581109383283175
2014-06-19,1.3743450149843506,1.4611237726192428
2014-06-20,1.3775117715100125,1.4661664009098117
2014-06-23,1.3773412583383404,1.4643463516770614
2014-06-24,1.368664868648564,1.454675605217307
2014-06-25,1.3733911432343782,1.4566479647239277
2014-06-26,1.3731057007329688,1.455968793371755
2014-06-27,1.376793391977377,1.4586412436906562
2014-06-30,1.3769623248476375,1.4589806400578542
2014-07-01,1.3881368657473139,1.4702538327920327
2014-07-02,1.3903893477710556,1.4709972136933906
2014-07-03,1.3999141743201466,1.4803272417290627
2014-07-07,1.39265905863334,1.47040569742367
2014-07-08,1.384306045807233,1.4577581938073667
2014-07-09,1.393356385441937,1.4652446264826726
2014-07-10,1.388748405207451,1.4598711500230437
2014-07-11,1.3906840402500502,1.4642592035138158
2014-07-14,1.395574138845405,1.4711454588428863
2014-07-15,1.3901518924358043,1.4674468632590068
2014-07-16,1.388746965924966,1.4686214121968353
2014-07-17,1.3782486049312894,1.4526394662927522
2014-07-18,1.3919002902295838,1.4726225584331363
2014-07-21,1.387727507130408,1.4697142983893625
2014-07-22,1.3901912456445258,1.4786833884406818
2014-07-23,1.3988765226631592,1.4822307854331351
2014-07-24,1.4011590039836244,1.4896631879750601
2014-07-25,1.3955514946017373,1.4829065449166552
2014-07-28,1.3966353918253331,1.479866790565788
2014-07-29,1.3894098516678437,1.467146206084758
2014-07-30,1.3898398899956483,1.4699858423375585
2014-07-31,1.3643193702236092,1.4414795685412911
2014-08-01,1.3615862479550873,1.441011620929677
2014-08-04,1.3722641431899878,1.4535103334788646
2014-08-05,1.3589756472900452,1.4412739067576468
2014-08-06,1.3619133894989564,1.4425129220244737
2014-08-07,1.3563942315924424,1.4340742097566126
2014-08-08,1.381222851608486,1.4528275175709888
2014-08-11,1.3842985309274722,1.4619086781663133
2014-08-12,1.3836301122223722,1.459490038668128
2014-08-13,1.3927534416932705,1.4731141082021868
2014-08-14,1.3995720530340818,1.4797742991450964
2014-08-15,1.4128949309308338,1.4923260007186538
2014-08-18,1.4237147389619653,1.5029875359543996
2014-08-19,1.4344337678826065,1.511831323400016
2014-08-20,1.4385158836344232,1.516857330570914
2014-08-21,1.4391782805760405,1.5185517347288506
2014-08-22,1.4363730963495356,1.5174393942015427
2014-08-25,1.4405438740350494,1.5227220700151383
2014-08-26,1.4399767821185117,1.5227757455061708
2014-08-27,1.439716655932668,1.5226969564405204
2014-08-28,1.440446787020308,1.5230289790060954
2014-08-29,1.4431626605011108,1.5335138074543269
2014-09-02,1.443264240750559,1.5390379059044836
2014-09-03,1.446701869999266,1.5417830996996051
2014-09-04,1.4430383077907316,1.538374922669637
2014-09-05,1.4504777093582368,1.5497343234959602
2014-09-08,1.448608468760611,1.548531367127793
2014-09-09,1.443173683182382,1.5400977205820838
2014-09-10,1.4456850980741518,1.548022107209818
2014-09-11,1.4441284461070139,1.5510468587885926
2014-09-12,1.430936263829292,1.5359155594131693
2014-09-15,1.4289901244317909,1.5242158979540545
2014-09-16,1.4401846732853114,1.5417512143150984
2014-09-17,1.4429849465887445,1.545376138407727
2014-09-18,1.4487238488194818,1.5551331604477028
2014-09-19,1.4475302776321455,1.5499404984103076
2014-09-22,1.4345587252347012,1.5321496077254342
2014-09-23,1.4238029879253526,1.523420692710925
2014-09-24,1.436703773329359,1.5374539077384644
2014-09-25,1.4165769031850541,1.5134734263142253
2014-09-26,1.4275148452495476,1.5301849968258139
2014-09-29,1.4255819676489294,1.5304340247174888
2014-09-30,1.4249623257918937,1.5234788535014065
2014-10-01,1.4067417739743628,1.4970794310150772
2014-10-02,1.4066602069375187,1.4979166815518379
2014-10-03,1.4258011111088618,1.5219222674003392
2014-10-06,1.4285183417001441,1.5191236224897264
2014-10-07,1.410269074598324,1.495939449562823
2014-10-08,1.4437528435730802,1.5271400928317571
2014-10-09,1.4154931551815644,1.4937107039372088
2014-10-10,1.3999754493837386,1.4518845557569915
2014-10-13,1.379422685608308,1.4215760040509964
2014-10-14,1.383877313155078,1.434498549017466
2014-10-15,1.3753147727685153,1.4302742874244427
2014-10-16,1.3671058991536764,1.4280191369559676
2014-10-17,1.3875449314826545,1.451041605187913
2014-10-20,1.402156205498891,1.4708784448639676
2014-10-21,1.4362378980171049,1.5113206816922171
2014-10-22,1.429584612672474,1.5007443877078643
2014-10-23,1.4538143207220375,1.5257061026694347
2014-10-24,1.4652127542599387,1.5404319662158379
2014-10-27,1.4652960305507963,1.5386170895578406
2014-10-28,1.4837525557828481,1.5623302013035916
2014-10-29,1.4805870784796424,1.5573737671974175
2014-10-30,1.4931998422644681,1.562478632280346
2014-10-31,1.5131768950544269,1.5880905010385575
2014-11-03,1.514920003842622,1.5892958711089136
2014-11-04,1.5114556028877721,1.5870800294201615
2014-11-05,1.5166619502723826,1.5864969331584127
2014-11-06,1.528146656294667,1.5983986909546624
2014-11-07,1.531443717656208,1.5999103024427008
2014-11-10,1.5367119480759492,1.6068592435893885
2014-11-11,1.538263117094989,1.6085139548685177
2014-11-12,1.5358514442840363,1.6076716789114844
2014-11-13,1.536673763825914,1.608593778295472
2014-11-14,1.5365731511592033,1.606551586536527
2014-11-17,1.538909317605955,1.6102555710750786
2014-11-18,1.5500747047570997,1.621460701289243
2014-11-19,1.5439467471164383,1.6153057855550907
2014-11-20,1.5477815985230474,1.6207547610727828
2014-11-21,1.5569762327178358,1.6276434108120896
2014-11-24,1.5596799950246165,1.6339780027031192
2014-11-25,1.5659371585420125,1.641448387454684
2014-11-26,1.5683232526728617,1.6480282726818805
2014-11-28,1.5689213484810391,1.6522198736676086
2014-12-01,1.564259830476076,1.638457900382338
2014-12-02,1.5735691588364302,1.64931003303602
2014-12-03,1.5875014177204632,1.662591890792202
2014-12-04,1.5812463059229016,1.661349757795853
2014-12-05,1.573850056072296,1.6609423843536402
2014-12-08,1.5631371183398617,1.6461787910723753
2014-12-09,1.5711312207574728,1.6529422114722334
2014-12-10,1.543422367735736,1.6220370491080167
2014-12-11,1.557112502829589,1.6343190088546289
2014-12-12,1.5340299004445552,1.608478613529479
2014-12-15,1.5231310334747703,1.5938557818687806
2014-12-16,1.5199231808510123,1.5855831660115427
2014-12-17,1.5521772193450185,1.6192823825360467
2014-12-18,1.5845161530332925,1.6567575505698036
2014-12-19,1.5914996447258476,1.6615414831719493
2014-12-22,1.5997638048291216,1.66351511686335
2014-12-23,1.6026172296265295,1.6607802515221322
2014-12-24,1.6049120812982518,1.6637097917693824
2014-12-26,1.608464450270286,1.6711344307084148
2014-12-29,1.6095170722040915,1.6723389570158171
2014-12-30,1.603266722051191,1.6620250449993195
2014-12-31,1.588449580766077,1.647558778575933
2015-01-02,1.5907016984271019,1.6493467993424373
2015-01-05,1.5668989163860847,1.6292989625079903
2015-01-06,1.5633074961241822,1.621904510214024
2015-01-07,1.5821759893993932,1.649030450879622
2015-01-08,1.6095045528590495,1.680154326835544
2015-01-09,1.5982655171806572,1.6698954316342371
2015-01-12,1.5869317094493776,1.6552886082796023
2015-01-13,1.5720730719643183,1.6446191894000164
2015-01-14,1.5595933111336995,1.6408808910970631
2015-01-15,1.555402251301931,1.63009667656834
2015-01-16,1.578653617068006,1.6566642098049897
2015-01-20,1.5836135416221881,1.660823199614926
2015-01-21,1.5965172212459067,1.6722222626503378
2015-01-22,1.6167513348326543,1.6951314503759827
2015-01-23,1.6088720487645152,1.688633045004103
2015-01-26,1.6181509330400627,1.6992460846408974
2015-01-27,1.6057185183444926,1.6825095395171736
2015-01-28,1.5831327491747207,1.6633403341175956
2015-01-29,1.590736491539644,1.6712393347209917
2015-01-30,1.5654695426066152,1.637530990561426
2015-02-02,1.5832163255963034,1.6498591719095541
2015-02-03,1.6095015739512242,1.6694292593956142
2015-02-04,1.6064076587075578,1.6707503915534794
2015-02-05,1.6303534786926908,1.6919867164943334
2015-02-06,1.6148832065047958,1.6770188365101415
2015-02-09,1.6133384023427888,1.666278697140829
2015-02-10,1.632171950230413,1.6942877328753412
2015-02-11,1.6261999682420363,1.6938409718903413
2015-02-12,1.6416312379529452,1.7102444697826813
2015-02-13,1.648800057339869,1.7170289769673244
2015-02-17,1.6523671464732248,1.7221497051630532
2015-02-18,1.658625926036846,1.7280617549723247
2015-02-19,1.65505610154436,1.7316448774333177
2015-02-20,1.6667908288735516,1.7470095645120325
2015-02-23,1.6690553988195487,1.7483064638363615
2015-02-24,1.6706974285642098,1.7528635763625129
2015-02-25,1.6690607236845727,1.7515150216966309
2015-02-26,1.6681381093695011,1.7583379381640298
2015-02-27,1.668069016347779,1.7607611128780336
2015-03-02,1.674048267188251,1.7745215629794544
2015-03-03,1.6663733276990436,1.7682727894697183
2015-03-04,1.654170390240517,1.756581393216214
2015-03-05,1.6571620512188403,1.7665541836058372
2015-03-06,1.6268983079921475,1.7379466458835344
2015-03-09,1.6332637769506997,1.745967362222087
2015-03-10,1.6064580625034424,1.7185663194745031
2015-03-11,1.6078875311855028,1.7196434505112133
2015-03-12,1.628905492670021,1.7442140341368677
2015-03-13,1.6199555282473197,1.7352584007514371
2015-03-16,1.64080243517224,1.7656950236253106
2015-03-17,1.632739174093616,1.759402779651292
2015-03-18,1.6505617069010725,1.7746086699726122
2015-03-19,1.6452313293956287,1.7783049423855013
2015-03-20,1.6601953119795827,1.787660167303395
2015-03-23,1.6568978205693872,1.7801203160793253
2015-03-24,1.6493479276642071,1.7726561738611772
2015-03-25,1.6266266149921838,1.738016840284783
2015-03-26,1.6214675467884085,1.734164650964522
2015-03-27,1.6259277536695464,1.7491029819408963
2015-03-30,1.6487558052584808,1.7729463273130621
2015-03-31,1.6314296406791047,1.7547964070373292
2015-04-01,1.6270573153948202,1.7449143865946468
2015-04-02,1.623982428964292,1.744115107597909
2015-04-06,1.6406537861564303,1.7556505558804456
2015-04-07,1.6348039011214774,1.7503669582847372
2015-04-08,1.6385251479722274,1.7586672977724613
2015-04-09,1.6432124049293861,1.7610612077779857
2015-04-10,1.651686552232534,1.7707013393620854
2015-04-13,1.648943483642859,1.761352892912969
2015-04-14,1.6558992787919202,1.762400925490038
2015-04-15,1.6650474398488244,1.7673804993651872
2015-04-16,1.672172083675217,1.7730653004182726
2015-04-17,1.6529524409108767,1.7500122986886266
2015-04-20,1.6670962290339781,1.763699053153095
2015-04-21,1.6701869006649666,1.7763949074202783
2015-04-22,1.6700206555413482,1.7788409097518743
2015-04-23,1.674233420981955,1.7834424194640581
2015-04-24,1.6742448114644453,1.7808691875903102
2015-04-27,1.6707674398692827,1.772472198110854
2015-04-28,1.6788389081176125,1.7731162055046468
2015-04-29,1.6716687379579325,1.7586993374330686
2015-04-30,1.655980847618863,1.7410854939115123
2015-05-01,1.6767815558939796,1.7673546991021922
2015-05-04,1.676295828780941,1.7705278745419253
2015-05-05,1.6612433441862375,1.7473765272208097
2015-05-06,1.65654530883434,1.7472411016376415
2015-05-07,1.669913478634166,1.7629141588332033
2015-05-08,1.6807435733136173,1.7767106870454095
2015-05-11,1.6775092904662334,1.7746199237058067
2015-05-12,1.670882932464947,1.7697949093235297
2015-05-13,1.6719303696101209,1.7687938447207516
2015-05-14,1.6895479865520617,1.7880591587426182
2015-05-15,1.693988025349675,1.7931341340532883
2015-05-18,1.6987361522392421,1.8033416829580868
2015-05-19,1.6945753368249392,1.803054505858719
2015-05-20,1.688452134095089,1.79390207914655
2015-05-21,1.6909794999626662,1.8000929473945957
2015-05-22,1.688226506049419,1.7988420920099104
2015-05-26,1.6701788637541102,1.781748675190633
2015-05-27,1.6862269589046748,1.802820711709976
2015-05-28,1.6878992508812107,1.8073253200919943
2015-05-29,1.6786420694681248,1.8038267882830439
2015-06-01,1.6864365270622768,1.811389873152212
2015-06-02,1.685096176735929,1.8035811375668613
2015-06-03,1.687021108438852,1.8065244822292468
2015-06-04,1.6773050632257993,1.7935654163965498
2015-06-05,1.6747562064640045,1.79711261322964
2015-06-08,1.6679167937798314,1.7846328263600257
2015-06-09,1.6680148448871785,1.7830624780082087
2015-06-10,1.6852654305905208,1.8017272957954569
2015-06-11,1.6920517837259836,1.8056614596985139
2015-06-12,1.681102692307719,1.7947981016037804
2015-06-15,1.67315175421371,1.7954599621688512
2015-06-16,1.6844011998297954,1.8098393561333928
2015-06-17,1.6885599472807638,1.814245696820156
2015-06-18,1.7104210598221297,1.8385831313243635
2015-06-19,1.7020851358191167,1.8313938169260255
2015-06-22,1.7080135906348184,1.8398401175762427
2015-06-23,1.7080822733844965,1.8415498993580262
2015-06-24,1.6943884204831383,1.8240727767453158
2015-06-25,1.6863870102970624,1.823838531330539
2015-06-26,1.6845124273200398,1.8194572131655842
2015-06-29,1.6487480330673903,1.7797976887127236
2015-06-30,1.6524815743835046,1.7846253565902155
2015-07-01,1.6618069715932724,1.7949374837415546
2015-07-02,1.664372615614701,1.7966642866046756
2015-07-06,1.6594939442531371,1.789845891925593
2015-07-07,1.6669053547853354,1.7932787954025982
2015-07-08,1.6386584121346999,1.7638831370960786
2015-07-09,1.6389098768095804,1.7683352512300514
2015-07-10,1.6554624826248083,1.7912156857541561
2015-07-13,1.6740338621672164,1.8079334541293426
2015-07-14,1.6803924961922099,1.820112762027715
2015-07-15,1.67650422458483,1.8137666260300793
2015-07-16,1.6789711604578277,1.828932355771183
2015-07-17,1.6712350925966206,1.8231814857807833
2015-07-20,1.6626080749866583,1.8185271030039674
2015-07-21,1.6563048557666369,1.8140639009700188
2015-07-22,1.6616745050366168,1.8124045088068181
2015-07-23,1.6525860133058454,1.812592594568462
2015-07-24,1.6381841434798394,1.7975952437918208
2015-07-27,1.628894541066875,1.7821050470389777
2015-07-28,1.6510549617991777,1.8057339197862248
2015-07-29,1.6630713009462592,1.8129879335396213
2015-07-30,1.663976212167743,1.819186406758421
2015-07-31,1.6636534267402852,1.8222471031614516
2015-08-03,1.6597053283485705,1.8199072611337348
2015-08-04,1.6452732148906954,1.8166411590030507
2015-08-05,1.6468574675530974,1.823674941182308
2015-08-06,1.6319286988277073,1.796735515567865
2015-08-07,1.637698304597081,1.799025247052188
2015-08-10,1.6589850135898263,1.8178812551376113
2015-08-11,1.6448739025088348,1.8002705155591314
2015-08-12,1.6581320666209922,1.8048631841964096
2015-08-13,1.6581503423577337,1.8090933544017915
2015-08-14,1.6618622677113821,1.8126846132490266
2015-08-17,1.6749623745663873,1.828920323483857
2015-08-18,1.6654325961162635,1.8182594044300529
2015-08-19,1.650407029335984,1.8048282355899186
2015-08-20,1.616892592736106,1.7533016651075055
2015-08-21,1.5650101234410223,1.6995681228562978
2015-08-24,1.501724741161471,1.6334794542388973
2015-08-25,1.4800772039253605,1.619884951087377
2015-08-26,1.531400992759715,1.6859700634115347
2015-08-27,1.567236540855706,1.7271601072422684
2015-08-28,1.572940157133837,1.7299475568947316
2015-08-31,1.5577794694763714,1.7086469546846204
2015-09-01,1.514029318109578,1.6562726563678147
2015-09-02,1.540289199459957,1.6886058450455188
2015-09-03,1.5413658283601337,1.6878660474746736
2015-09-04,1.5189793252941985,1.6672268695886894
2015-09-08,1.5619858841233065,1.7171950606750992
2015-09-09,1.5386822960174609,1.6933915341426102
2015-09-10,1.5461153379703374,1.7024073287705854
2015-09-11,1.5524105851234569,1.7082100339233806
2015-09-14,1.5423743633307951,1.6987609800906869
2015-09-15,1.5577585117951642,1.7209394525924395
2015-09-16,1.5705783649485225,1.7314000868789923
2015-09-17,1.5706222575025122,1.7388336238116089
2015-09-18,1.5497884657150467,1.7160720623505015
2015-09-21,1.5491686444422197,1.7158205806446603
2015-09-22,1.5234650274062065,1.6917310058878374
2015-09-23,1.516132812411095,1.6904916351446657
2015-09-24,1.5154676493132373,1.688116739752973
2015-09-25,1.510951778897574,1.6779510518275538
2015-09-28,1.4728408519926584,1.6229865584615788
2015-09-29,1.476333841759389,1.6178524840022588
2015-09-30,1.50399641305955,1.654680743893193
2015-10-01,1.507837060523604,1.6645214289617325
2015-10-02,1.5314365975499633,1.689977856659548
2015-10-05,1.5625688967467182,1.7188324776689008
2015-10-06,1.5600342457552012,1.7078295122152842
2015-10-07,1.5797436333113364,1.7192473240497266
2015-10-08,1.5964663286000425,1.7277976050852977
2015-10-09,1.5944446900472096,1.729304459327423
2015-10-12,1.5953088858492268,1.7360821031476497
2015-10-13,1.5776393848308161,1.7179365028762104
2015-10-14,1.5715526683607453,1.7104781167421832
2015-10-15,1.5938868316027823,1.7333652393599006
2015-10-16,1.6003586034859016,1.7432155322065943
2015-10-19,1.5934467828415941,1.741342156771734
2015-10-20,1.5957774719031588,1.731699895804967
2015-10-21,1.5930185915590758,1.719617676593671
2015-10-22,1.619376532143147,1.7410787129560397
2015-10-23,1.6332506841753445,1.7574591850304555
2015-10-26,1.6283988499467468,1.76064843066302
2015-10-27,1.6186908895770487,1.7520920248134115
2015-10-28,1.6345675688283658,1.7723273663576633
2015-10-29,1.6395953866069124,1.7707875754093914
2015-10-30,1.642382703049302,1.7776169091347638
2015-11-02,1.6602347863217217,1.795169234499818
2015-11-03,1.6619356789162152,1.795780930734419
2015-11-04,1.6605053417008482,1.7956440145653336
2015-11-05,1.655458775986402,1.7911371570030676
2015-11-06,1.667854326200062,1.8041221667573315
2015-11-09,1.6539784854256556,1.7862596627615008
2015-11-10,1.6537784609376174,1.788460828333966
2015-11-11,1.6436254708718543,1.7823246992787052
2015-11-12,1.620508050129779,1.7616311188137042
2015-11-13,1.6043900327906113,1.737907104778992
2015-11-16,1.6321347677822433,1.7658558835689386
2015-11-17,1.6305723101823932,1.7691847126352227
2015-11-18,1.6608997268132613,1.7983571467541586
2015-11-19,1.6619135054218361,1.8011380997785116
2015-11-20,1.667868127371175,1.8130024172098527
2015-11-23,1.666753560621501,1.8134341998523085
2015-11-24,1.6719815035677486,1.8149768539107571
2015-11-25,1.6727238130835445,1.8167113513242485
2015-11-27,1.6731468320730287,1.8196954162903611
2015-11-30,1.6643084586932941,1.8043647620357395
2015-12-01,1.6801831110021894,1.8254701066099006
2015-12-02,1.6541668247057935,1.8077178897752517
2015-12-03,1.62630880156704,1.7749688326446458
2015-12-04,1.6602219998741292,1.8167986848790585
2015-12-07,1.6409560178194011,1.7958424179991515
2015-12-08,1.629462090756154,1.7932348494618149
2015-12-09,1.6198939968070052,1.776041086501936
2015-12-10,1.6225013324700395,1.7790361830538444
2015-12-11,1.591365636939883,1.7433270897934166
2015-12-14,1.5966313299509358,1.755450510745835
2015-12-15,1.6132684161216766,1.769320661227226
2015-12-16,1.6401145301948508,1.8004216178766597
2015-12-17,1.6096600635493572,1.7713571257237062
2015-12-18,1.586329039056968,1.7441268067438684
2015-12-21,1.6002683311100563,1.7591922286306412
2015-12-22,1.6197706559218146,1.7746595012245845
2015-12-23,1.6461194773871104,1.7955642921076274
2015-12-24,1.6443810411735909,1.7921828548733687
2015-12-28,1.6366448649104537,1.7915462180820303
2015-12-29,1.6541030614158982,1.8134626013981918
2015-12-30,1.6443181026797427,1.8023729446775678
2015-12-31,1.630798874597493,1.7833863841932964
2016-01-04,1.6095940660220338,1.7526500231677153
2016-01-05,1.6148105078837605,1.757959336732828
2016-01-06,1.5888759049820338,1.7387042019126735
2016-01-07,1.5563632834542676,1.696434858691633
2016-01-08,1.5364334602775491,1.6784954773604996
2016-01-11,1.534561013590076,1.6849205723284713
2016-01-12,1.5494474960770988,1.7011769895825188
2016-01-13,1.5129017677669099,1.6512690779154182
2016-01-14,1.5380125862378995,1.6763452636262048
2016-01-15,1.5142795323752036,1.64084518055929
2016-01-19,1.5102061521635917,1.642597960251754
2016-01-20,1.5001226415770934,1.6334124257147231
2016-01-21,1.5055446151136131,1.6392201822222716
2016-01-22,1.5372038714382834,1.6707133938788261
2016-01-25,1.5205953814193736,1.6522837293958053
2016-01-26,1.5458143768488302,1.671586991097662
2016-01-27,1.533249434140702,1.6486258172281427
2016-01-28,1.539092542313095,1.667099813765302
2016-01-29,1.5712670612500375,1.7059993745493318
2016-02-01,1.5737164144754743,1.7129621354632705
2016-02-02,1.5443463646469502,1.6818098766201148
2016-02-03,1.5542572223188116,1.6813185211373924
2016-02-04,1.5503302157095245,1.668820787504163
2016-02-05,1.5139424442791285,1.6213239755685787
2016-02-08,1.487145622967944,1.5902504054697808
2016-02-09,1.4870526006741684,1.5934294716956252
2016-02-10,1.4916270379156915,1.602508721780383
2016-02-11,1.4832933242613522,1.5922617599205708
2016-02-12,1.5130038314185732,1.6162882432816457
2016-02-16,1.538094513949556,1.6464609346839534
2016-02-17,1.560794511835607,1.6720026352716217
2016-02-18,1.5504268313307648,1.6631828115936778
2016-02-19,1.5609084127094863,1.6737533989842126
2016-02-22,1.5869918852492175,1.700762436358144
2016-02-23,1.5685062341783491,1.6846660197236334
2016-02-24,1.5845823048298247,1.6979295895554054
2016-02-25,1.59954790079034,1.7189658000853947
2016-02-26,1.5931018398712942,1.7108203027716178
2016-02-29,1.579299319202353,1.6945354134588004
2016-03-01,1.613499526579902,1.7263213720150994
2016-03-02,1.6148094685759933,1.7286900007278194
2016-03-03,1.624540265386517,1.7346704758226852
2016-03-04,1.6231093101609801,1.7353568691543622
2016-03-07,1.634334996631785,1.7367923623778927
2016-03-08,1.6178039159760143,1.7300160613910072
2016-03-09,1.629263619637312,1.7422160399851652
2016-03-10,1.6340796898154402,1.7462600421737842
2016-03-11,1.6550766174960618,1.7650449800815193
2016-03-14,1.6531463943097626,1.7649044961723426
2016-03-15,1.65114254759405,1.767422099501177
2016-03-16,1.6673989553994195,1.7837078390554548
2016-03-17,1.6809047189475306,1.7938270415198418
2016-03-18,1.689456158471982,1.7983335751586524
2016-03-21,1.6945003383927773,1.8019585009040873
2016-03-22,1.6927978546604798,1.799570225900335
2016-03-23,1.6741067323735945,1.7930139294841982
2016-03-24,1.6764971161149618,1.7944420277605555
2016-03-28,1.6821889333971811,1.7989790377613624
2016-03-29,1.704392801600129,1.8221832645214697
2016-03-30,1.706017323085908,1.825445764124332
2016-03-31,1.7050606934236459,1.8230245181539901
2016-04-01,1.7148540929585527,1.833107045942862
2016-04-04,1.7094736550516476,1.8261523773923802
2016-04-05,1.6923184602415386,1.8113569247605459
2016-04-06,1.7059818169357972,1.8225564451461373
2016-04-07,1.6901442029841656,1.8070984557552152
2016-04-08,1.6973405721337622,1.8168433171043452
2016-04-11,1.6926541592133517,1.8141584643195408
2016-04-12,1.7060848227832965,1.8252228946712483
2016-04-13,1.726533895422664,1.8318671857581441
2016-04-14,1.7258891771005194,1.8280246710411563
2016-04-15,1.7250190842994944,1.8316363355947511
2016-04-18,1.7343015732234621,1.8415701273264913
2016-04-19,1.736961914890961,1.8413958259258636
2016-04-20,1.7361284357571753,1.8354912545266469
2016-04-21,1.726512259695731,1.8191464436396354
2016-04-22,1.7315534374700419,1.8466517499755597
2016-04-25,1.7308942764770852,1.8437142097455939
2016-04-26,1.7353783662465234,1.8515394143356563
2016-04-27,1.7411499519848685,1.8609590597282994
2016-04-28,1.7236911487237991,1.8488643446868716
2016-04-29,1.708357624489053,1.8465421389618435
2016-05-02,1.720276508358153,1.8616100007188914
2016-05-03,1.7048254475236286,1.8432936236440767
2016-05-04,1.6919496800649965,1.8307892794624017
2016-05-05,1.694475247849619,1.8341913736364568
2016-05-06,1.7059839622043034,1.846194985257005
2016-05-09,1.7027189281532276,1.8407897377780411
2016-05-10,1.7277674273281622,1.8655302934176845
2016-05-11,1.7154380618363327,1.8564793717091026
2016-05-12,1.7168873339600899,1.8574640717113915
2016-05-13,1.7110201239673353,1.857061915533707
2016-05-16,1.732395619143619,1.8820711313533638
2016-05-17,1.7171252277195197,1.8645831146644958
2016-05-18,1.7111739243663537,1.8604199467875124
2016-05-19,1.7119446922116983,1.8560155363434223
2016-05-20,1.7236948284241875,1.876834957902625
2016-05-23,1.719840600981759,1.8776061992104829
2016-05-24,1.7394768345941898,1.9015469359110069
2016-05-25,1.7523228147741,1.9132016736465662
2016-05-26,1.75142689662054,1.916789443555662
2016-05-27,1.756972075329596,1.926648731866035
2016-05-31,1.756512380759998,1.9269486108208078
2016-06-01,1.7555074728775308,1.9269418333984176
2016-06-02,1.7639359661137748,1.9324774099515312
2016-06-03,1.7647683867495394,1.936958862651373
2016-06-06,1.7696200541115508,1.9440463860785036
2016-06-07,1.774060602994121,1.9496293116888666
2016-06-08,1.782220715455347,1.9582381545678342
2016-06-09,1.784524683335509,1.965057019320263
2016-06-10,1.7689864014334435,1.9460379811383697
2016-06-13,1.7594087595175585,1.9373963298788919
2016-06-14,1.7595794320959615,1.9361850639639218
2016-06-15,1.7594888779459859,1.938084193066136
2016-06-16,1.762165995919688,1.9451631820182298
2016-06-17,1.7524804779940757,1.9410959256136064
2016-06-20,1.7612722336571136,1.951032915790125
2016-06-21,1.7614921773455503,1.9559367429404741
2016-06-22,1.762983066646947,1.9531241492010316
2016-06-23,1.784341744566905,1.9784668353799393
2016-06-24,1.7281083759422042,1.9164457312590064
2016-06-27,1.7004284480876641,1.8847886286602396
2016-06-28,1.728749579779484,1.9193766749485095
2016-06-29,1.7555905587522156,1.9491878508188027
2016-06-30,1.778152608095485,1.9751583433068616
2016-07-01,1.7842835079058454,1.9806427866040197
2016-07-05,1.7754407318987078,1.9736550150440568
2016-07-06,1.7881803773968385,1.9902604857858404
2016-07-07,1.7877788223968676,1.9903956573949149
2016-07-08,1.8171456369009389,2.0224381484057594
2016-07-11,1.824169344694352,2.028071314550929
2016-07-12,1.8348462512191817,2.037062232669709
2016-07-13,1.8391979010308082,2.042196437056294
2016-07-14,1.8471785353549286,2.048048850210955
2016-07-15,1.8440421049127609,2.043726837920348
2016-07-18,1.8459832984235187,2.05042421617313
2016-07-19,1.845006502551408,2.0491855770178597
2016-07-20,1.8570380187270599,2.062663992762955
2016-07-21,1.8525449707309458,2.0510208477853777
2016-07-22,1.8592831767772862,2.0661276932468615
2016-07-25,1.8571082609177867,2.0693302161849356
2016-07-26,1.8608216429989524,2.080848728340373
2016-07-27,1.8615579195169145,2.0791454886745173
2016-07-28,1.8681000241920682,2.0872215931309412
2016-07-29,1.8753590388123842,2.091357000065428
2016-08-01,1.8757823933953806,2.090270597079012
2016-08-02,1.8692669728805313,2.085458818682115
2016-08-03,1.8765126617222148,2.086400918824491
2016-08-04,1.8817810764671132,2.093548194804054
2016-08-05,1.896123574947574,2.1009125763366567
2016-08-08,1.8927064603860309,2.0980406332937145
2016-08-09,1.8970380578978288,2.1036184912064253
2016-08-10,1.8941443452089408,2.100957641159825
2016-08-11,1.9037629417016189,2.11100745284216
2016-08-12,1.9075778371782233,2.116194602288415
2016-08-15,1.9129428701411644,2.118737833720081
2016-08-16,1.9048905938975393,2.1018052984615143
2016-08-17,1.909260851698901,2.1051901023704174
2016-08-18,1.9199268100276825,2.118401511423361
2016-08-19,1.9175973897686072,2.1207681730262835
2016-08-22,1.9142886927535652,2.117836641291697
2016-08-23,1.9163457876961552,2.11992394728506
2016-08-24,1.8980272997131336,2.094317131770693
2016-08-25,1.8939334929880594,2.091900223408353
2016-08-26,1.8905712376492467,2.0872715829030066
2016-08-29,1.9005048389549477,2.100896654435244
2016-08-30,1.8919097798717193,2.0862331147625617
2016-08-31,1.890232477990383,2.08088066795154
2016-09-01,1.8932940271319092,2.090617616156238
2016-09-02,1.9000538891987182,2.1011300362943013
2016-09-06,1.9056802000429065,2.1050579992047824
2016-09-07,1.905278421115597,2.1003478798745325
2016-09-08,1.901454270429655,2.091388943501437
2016-09-09,1.8529486265943107,2.0277105476815556
2016-09-12,1.8816687736897661,2.0627270202079893
2016-09-13,1.8547519140845707,2.0234314057359537
2016-09-14,1.8554091336204102,2.0234389162173403
2016-09-15,1.8762170032815308,2.0447752556577843
2016-09-16,1.870987053281257,2.040282806793444
2016-09-19,1.8747231356518401,2.049343812453173
2016-09-20,1.8774848685140937,2.0495812195168868
2016-09-21,1.8995151997002775,2.0806949640442145
2016-09-22,1.9105179764787017,2.0959405138419043
2016-09-23,1.9019288904964382,2.0830937646782477
2016-09-26,1.8891342576392869,2.0697943745406824
2016-09-27,1.9015651282245427,2.0836534881280344
2016-09-28,1.9096507144831179,2.101425473505116
2016-09-29,1.8870150427170316,2.086442924268796
2016-09-30,1.9011893008265524,2.106947823805071
2016-10-03,1.8952144458166174,2.0987559628825228
2016-10-04,1.8829122225602506,2.0786129935998
2016-10-05,1.8912075955872958,2.091655121461972
2016-10-06,1.8920279773300785,2.091733234990687
2016-10-07,1.8836885974163229,2.0776974463818147
2016-10-10,1.8911105892536628,2.0846784676683145
2016-10-11,1.8599737706666903,2.0467355969589294
2016-10-12,1.8607054820387576,2.0511237992608127
2016-10-13,1.8588831752827693,2.03802115892653
2016-10-14,1.8586559055665064,2.0405443214756582
2016-10-17,1.8528980401853774,2.0323835081341817
2016-10-18,1.8654375736229434,2.046465230951869
2016-10-19,1.8648039890151855,2.055218854154301
2016-10-20,1.8646613425245016,2.058770078832257
2016-10-21,1.8652835885521986,2.052328261033485
2016-10-24,1.8812153806308982,2.0722757880268445
2016-10-25,1.8650248220724208,2.0651747280473107
2016-10-26,1.8631811211262672,2.061768641369019
2016-10-27,1.8493186961822436,2.046592269291483
2016-10-28,1.834207763357286,2.039054353498025
2016-10-31,1.838342194448932,2.049992824830473
2016-11-01,1.8262688448335453,2.0298569634339327
2016-11-02,1.81966080381486,2.0137106407360124
2016-11-03,1.8109759547431943,2.0072757586615873
2016-11-04,1.8071943485880646,2.0044674941088285
2016-11-07,1.843782501791906,2.051344287697745
2016-11-08,1.8404335423772018,2.054803227532551
2016-11-09,1.8632954153754595,2.0643808178951297
2016-11-10,1.8633004429980031,2.0448898410300624
2016-11-11,1.8676289346725365,2.064532154767382
2016-11-14,1.8689576777741692,2.062671619311311
2016-11-15,1.8872191025017575,2.0940178498656192
2016-11-16,1.887464393453569,2.104921579999487
2016-11-17,1.8852385454516971,2.117786119978001
2016-11-18,1.8805992897450172,2.1153803606938815
2016-11-21,1.9027917035134745,2.1380262062413564
2016-11-22,1.9086855793044921,2.1406354424212344
2016-11-23,1.9119701266924214,2.144485514822065
2016-11-25,1.9210064656477723,2.152142523855987
2016-11-28,1.917501757598486,2.1429635987419897
2016-11-29,1.9250635752898644,2.147009777880247
2016-11-30,1.9200231345814869,2.145536741452929
2016-12-01,1.911356841243061,2.1185551202363735
2016-12-02,1.9164402925340123,2.1300859460112367
2016-12-05,1.9272680782809866,2.146686290276269
2016-12-06,1.9297215347796384,2.1591975013652425
2016-12-07,1.957580113079479,2.193838876243017
2016-12-08,1.9509090700107743,2.1956719049237017
2016-12-09,1.9620634145312856,2.1955686613835947
2016-12-12,1.9654340618886181,2.188643249048619
2016-12-13,1.979574326930313,2.2039227066371017
2016-12-14,1.9646459083101038,2.1893190616062252
2016-12-15,1.9695177218581075,2.1988165918344387
2016-12-16,1.9736851691478314,2.195059419839167
2016-12-19,1.978791227363534,2.200459360907639
2016-12-20,1.9820277751607809,2.2136467997004194
2016-12-21,1.9777646553390533,2.208841258467556
2016-12-22,1.975801336812638,2.21039885711633
2016-12-23,1.9772696750910863,2.218883764355259
2016-12-27,1.9865799896075989,2.2346716275907657
2016-12-28,1.9662879975220957,2.2051011890832215
2016-12-29,1.9690588845488701,2.2078341347986377
2016-12-30,1.9556409871258515,2.188168079785681
2017-01-03,1.9736769523118753,2.2079928279038312
2017-01-04,1.9913744276053404,2.227485086470464
2017-01-05,1.989030964019146,2.219483997262404
2017-01-06,1.998858166029,2.2311139534975095
2017-01-09,1.9950433422855356,2.2283200370885194
2017-01-10,1.9979934475625165,2.229167473591149
2017-01-11,2.006127578534965,2.2361482287744594
2017-01-12,1.9990205243242851,2.223400110914563
2017-01-13,2.0053028464251796,2.2304658826008534
2017-01-17,1.9915521061280195,2.1945027503003858
2017-01-18,1.9935525874127658,2.204392042903466
2017-01-19,2.002422659924525,2.218672450529658
2017-01-20,2.002840275840248,2.2195405393086562
2017-01-23,1.998188534133195,2.2188315029946715
2017-01-24,2.009332793280594,2.248640310646339
2017-01-25,2.0276748999221996,2.283600681256348
2017-01-26,2.0269830266211524,2.288585474626388
2017-01-27,2.0222418981098826,2.289133110130192
2017-01-30,2.011365792045985,2.2730907457705123
2017-01-31,2.015329239410618,2.273448458964926
2017-02-01,2.0138299618416795,2.2908772816232346
2017-02-02,2.0102027768574025,2.284965330626827
2017-02-03,2.0259131142020212,2.3061728152974528
2017-02-06,2.0260606070138247,2.31036609555925
2017-02-07,2.025116682639166,2.311200006824587
2017-02-08,2.028908791127385,2.309174261569112
2017-02-09,2.0335645174720374,2.320118049612737
2017-02-10,2.04028256242084,2.3237006703639405
2017-02-13,2.046617915140768,2.3324105565356286
2017-02-14,2.0548096699256644,2.34009144242578
2017-02-15,2.0638198678913784,2.3469080937651277
2017-02-16,2.062559057231546,2.3383224773925675
2017-02-17,2.079054635473462,2.363756768068026
2017-02-21,2.0953616682074805,2.3876444569528656
2017-02-22,2.0902648476971613,2.3801286497221836
2017-02-23,2.081205115589102,2.3630352456092534
2017-02-24,2.0905793008424154,2.3679767216765146
2017-02-27,2.0962652099957486,2.3848140758741034
2017-02-28,2.0845861112497945,2.3672313055404115
2017-03-01,2.1107818936747638,2.40757350274755
2017-03-02,2.107311898672238,2.3850851404827047
2017-03-03,2.108643551847321,2.391099878137365
2017-03-06,2.098184729316057,2.3811341181162966
2017-03-07,2.09275157427321,2.3727059929830516
2017-03-08,2.0907261884140604,2.3698442706007463
2017-03-09,2.085442757386708,2.3641440433457297
2017-03-10,2.093809603773721,2.3777765258045696
2017-03-13,2.10096500024391,2.3917925811621927
2017-03-14,2.09377383687552,2.381714151902739
2017-03-15,2.117196242250988,2.40415094119692
2017-03-16,2.1152185308095155,2.3973991105785206
2017-03-17,2.1145396466570596,2.391134277727269
2017-03-20,2.1168416605487543,2.396934685530207
2017-03-21,2.0942388568649126,2.3496556907784725
2017-03-22,2.1034897427960932,2.3650123591591115
2017-03-23,2.0979889429962024,2.3625042778922833
2017-03-24,2.09956534124074,2.36983100254111
2017-03-27,2.093472436205329,2.3646146631243363
2017-03-28,2.107552132063874,2.3832949165141457
2017-03-29,2.1127445291892677,2.3886786644617066
2017-03-30,2.118682310636662,2.4073396117303676
2017-03-31,2.11536783416511,2.3992874336111742
2017-04-03,2.108430918622278,2.3913522494763133
2017-04-04,2.1093406488105146,2.3870519668108803
2017-04-05,2.1050160702565313,2.3747753660164777
2017-04-06,2.10738023579181,2.380322068794378
2017-04-07,2.10522009032246,2.3800715474954957
2017-04-10,2.1097674066821264,2.3780375520588652
2017-04-11,2.1092447523105378,2.376272011152861
2017-04-12,2.1004060503146333,2.3580889046877394
2017-04-13,2.085645069413973,2.338550445865087
2017-04-17,2.106043633692735,2.370870771671649
2017-04-18,2.101531531807648,2.359992457995969
2017-04-19,2.1051202765806227,2.36531446563622
2017-04-20,2.127812028175699,2.3966968765343424
2017-04-21,2.1253504732206916,2.388841764537973
2017-04-24,2.1430487559074707,2.419394924743655
2017-04-25,2.1602478374362657,2.4468235734701187
2017-04-26,2.1635113676075246,2.436929273865084
2017-04-27,2.165759658374102,2.4440792976994583
2017-04-28,2.1567265047811293,2.432818682426244
2017-05-01,2.1608542846016183,2.447220033019184
2017-05-02,2.1638408608085236,2.428671082094458
2017-05-03,2.163500601008486,2.4280830601650214
2017-05-04,2.170062913479083,2.4311600358023586
2017-05-05,2.188119414460145,2.4499496657145974
2017-05-08,2.185180523725946,2.4423735538716222
2017-05-09,2.1832871950342994,2.444880216860529
2017-05-10,2.198806299285438,2.4705315930672245
2017-05-11,2.201538968077089,2.4734126728169303
2017-05-12,2.1946160514225816,2.4674676143703493
2017-05-15,2.208344696414726,2.48445753578721
2017-05-16,2.205054900172275,2.4923443915775674
2017-05-17,2.167323202207558,2.4169288774286115
2017-05-18,2.1783967450150183,2.435654282291134
2017-05-19,2.201330229607598,2.458697974405322
2017-05-22,2.2133622337386067,2.4752069098531706
2017-05-23,2.215565866044818,2.4823477578433595
2017-05-24,2.2179633680570854,2.4904759368684863
2017-05-25,2.2304749834309616,2.5080263941442973
2017-05-26,2.2330382575795302,2.512557777356767
2017-05-30,2.231629866817044,2.513190333139556
2017-05-31,2.2297261559046557,2.506580430892511
2017-06-01,2.2475407815917543,2.5249433727391684
2017-06-02,2.2526670721428603,2.536058009435683
2017-06-05,2.247541683241929,2.5337511798248475
2017-06-06,2.2425323783589977,2.5340054249687456
2017-06-07,2.2405896434796,2.544571745247952
2017-06-08,2.2468269295206755,2.563334150121402
2017-06-09,2.236685149738406,2.51622234504042
2017-06-12,2.239655233376377,2.513100420982115
2017-06-13,2.248793577518064,2.5311977095775173
2017-06-14,2.244704971381648,2.520599365297132
2017-06-15,2.2429072914988164,2.5137449549345425
2017-06-16,2.2369167746343344,2.508051580790224
2017-06-19,2.25891505465884,2.5458520094190766
2017-06-20,2.2425043596230063,2.5277461842935014
2017-06-21,2.241712781660391,2.5434369233966287
2017-06-22,2.2444899691355964,2.5439540497640354
2017-06-23,2.2504784958479847,2.5508162239932175
2017-06-26,2.2509975954937747,2.540322426872176
2017-06-27,2.230291884896,2.501155922847954
2017-06-28,2.2562358638987376,2.5362629549414115
2017-06-29,2.2301101041793503,2.4953395420728217
2017-06-30,2.2375564171444653,2.493934407449853
2017-07-03,2.2379978261947606,2.481856378939602
2017-07-05,2.2295614349546056,2.4949661060975563
2017-07-06,2.214499473414079,2.4758731437308934
2017-07-07,2.2316933166705595,2.5002975540344834
2017-07-10,2.241008304906387,2.5190146052232785
2017-07-11,2.2454164132966046,2.535147802140882
2017-07-12,2.2650309023018025,2.5557429041520616
2017-07-13,2.2711444543315458,2.552675803042883
2017-07-14,2.2866142562979186,2.5742137431808714
2017-07-17,2.2859209577986275,2.5702755675488924
2017-07-18,2.291157901248106,2.5763891255515174
2017-07-19,2.2995264000473403,2.6010934125658856
2017-07-20,2.298805112528764,2.603071559025687
2017-07-21,2.299109158251838,2.60372924228528
2017-07-24,2.3026475665340658,2.612801329434299
2017-07-25,2.307722411228398,2.6124797502578274
2017-07-26,2.3112306104521276,2.6269189249320855
2017-07-27,2.2954327206902843,2.5988988012603165
2017-07-28,2.2913358474116867,2.587328055890572
2017-07-31,2.281293878860196,2.569813764188776
2017-08-01,2.2842076707553307,2.5683125211310207
2017-08-02,2.279436674189927,2.5573876155115722
2017-08-03,2.2733408778673545,2.557568370482844
2017-08-04,2.2918707365118953,2.5810545298407663
2017-08-07,2.299527158921894,2.60429026514769
2017-08-08,2.2926072651660863,2.5987641671412307
2017-08-09,2.295650118615517,2.5970221008647054
2017-08-10,2.260731334863652,2.544916473259309
2017-08-11,2.2632243006041217,2.556816934586796
2017-08-14,2.291479447825833,2.6012693981018398
2017-08-15,2.2907287320658662,2.608460068455421
2017-08-16,2.2989974337560226,2.6180305037229794
2017-08-17,2.2633943512421357,2.566839624367448
2017-08-18,2.2644744221966038,2.5727699448314403
2017-08-21,2.2669963186554547,2.5673122281169087
2017-08-22,2.291897594030509,2.6056490875953444
2017-08-23,2.2854150099752357,2.6027241692949694
2017-08-24,2.277154751950514,2.594573641491669
2017-08-25,2.2823099216150315,2.5931901769905523
2017-08-28,2.286231606122276,2.595180433192721
2017-08-29,2.2927964388756665,2.6011272870404634
2017-08-30,2.312854487431625,2.6258635446898606
2017-08-31,2.328246509076058,2.6448571570690778
2017-09-01,2.336071579147487,2.646634840027102
2017-09-05,2.3286013516533157,2.625565471128293
2017-09-06,2.3376918842749657,2.629181997871025
2017-09-07,2.3504971104110983,2.6458118410058273
2017-09-08,2.348822346366452,2.638897062960951
2017-09-11,2.3712243868950256,2.672389157918336
2017-09-12,2.3844263556247793,2.677587079887827
2017-09-13,2.393730788442357,2.681980114903336
2017-09-14,2.3949010728323836,2.684707685346594
2017-09-15,2.3990124889309543,2.6935926395643697
2017-09-18,2.405143991894244,2.707449137678428
2017-09-19,2.4066261000746856,2.7096990240394496
2017-09-20,2.4141892413886903,2.709160474374486
2017-09-21,2.403359918584488,2.6961356012198188
2017-09-22,2.4140773677241527,2.7041090304297324
2017-09-25,2.4131794118284327,2.6752529559853633
2017-09-26,2.4113705707562962,2.6766588424608124
2017-09-27,2.4262054704703173,2.698443814571968
2017-09-28,2.431665996593887,2.7076011013060866
2017-09-29,2.4388698353558973,2.7249144273566426
2017-10-02,2.4477432464879003,2.7339970991887617
2017-10-03,2.4578924818264247,2.7446191830910687
2017-10-04,2.4610111447602683,2.7512394096448363
2017-10-05,2.4735681541977836,2.7676942969386213
2017-10-06,2.4689456498090774,2.771837691830256
2017-10-09,2.4654935348250304,2.771325891892974
2017-10-10,2.4766811521513623,2.783627962051369
2017-10-11,2.482004358173384,2.7945432797839294
2017-10-12,2.4747712961481794,2.7930286371360507
2017-10-13,2.4790564011855825,2.800112678000771
2017-10-16,2.48120485152843,2.800883358360469
2017-10-17,2.4872401322337456,2.806505208812647
2017-10-18,2.4878758010003876,2.8133158126474003
2017-10-19,2.490392014749425,2.8185410337241947
2017-10-20,2.5050208592424554,2.8422847657203496
2017-10-23,2.4993788161309296,2.829881125529698
2017-10-24,2.4968218121123127,2.8327389011965036
2017-10-25,2.4769349664208034,2.8070182845583003
2017-10-26,2.490657011150224,2.819841662910705
2017-10-27,2.498024861430308,2.841354331498857
2017-10-30,2.485210178125856,2.8344370302606214
2017-10-31,2.487888826336541,2.8485265611319117
2017-11-01,2.4852135280591043,2.842330104606187
2017-11-02,2.481908554747384,2.8391900569292794
2017-11-03,2.495439126544258,2.8649445995757596
2017-11-06,2.49567848224429,2.870494980325497
2017-11-07,2.510793811075926,2.8879919900879836
2017-11-08,2.522669513043928,2.8962574933932403
2017-11-09,2.499212932217289,2.866903541790692
2017-11-10,2.5051563336854765,2.879754918225612
2017-11-13,2.50937536418712,2.8866305200715683
2017-11-14,2.50489996439957,2.8867416952686287
2017-11-15,2.4829206615698856,2.85939258224026
2017-11-16,2.5160103448021234,2.9034944713407422
2017-11-17,2.5072130899824248,2.893442376979642
2017-11-20,2.5093103979473605,2.9060134646095754
2017-11-21,2.5225043535328555,2.931803367125472
2017-11-22,2.526264748650501,2.928357505985056
2017-11-24,2.530714503138372,2.9380388899351524
2017-11-27,2.5268444609849015,2.928820813042808
2017-11-28,2.5566220275018776,2.9506614408446734
2017-11-29,2.542551863451288,2.8827568371996235
2017-11-30,2.5686735582581517,2.908053286416947
2017-12-01,2.562785394063547,2.8884052247404766
2017-12-04,2.5390532953923515,2.829793153987871
2017-12-05,2.5303238610965844,2.8264626415459673
2017-12-06,2.5330627158333465,2.8404843104538853
2017-12-07,2.54995234190679,2.8709918639409895
2017-12-08,2.564224822733945,2.8843821678543238
2017-12-11,2.570132036114278,2.8885548177927225
2017-12-12,2.5659422310068996,2.875483555918955
2017-12-13,2.569668400939653,2.8878703554257426
2017-12-14,2.555901049444946,2.87999857415613
2017-12-15,2.5762632944388586,2.9137537167530505
2017-12-18,2.5956348449380764,2.9382267570033473
2017-12-19,2.585534588347272,2.9250337211473965
2017-12-20,2.5946253975401485,2.934126622652404
2017-12-21,2.6003231425974627,2.933131277957495
2017-12-22,2.597013293340599,2.9332477644924095
2017-12-26,2.5997232905061787,2.9286568565881548
2017-12-27,2.6032844073187444,2.9367118119884683
2017-12-28,2.6089798606373344,2.9431404337103446
2017-12-29,2.5937088020801298,2.922837818442342
