date,gross,net,turnover,n_names,cash
2026-02-03,-0.021627796847477822,-0.02210279684747782,0.9499999999999998,7,0.050000000000000155
2026-02-04,-0.04007409213117012,-0.04007409213117012,0.0,7,0.050000000000000155
2026-02-05,0.04811659886960255,0.04811659886960255,0.0,7,0.050000000000000155
2026-02-09,-0.01155716663099275,-0.011762008134387091,0.4096830067886824,13,0.35968300678868215
2026-02-10,0.004723602535204076,0.004503280221716856,0.4406446269744406,13,0.08096162018575814
2026-02-12,0.02417202377758131,0.0239945543744644,0.3549388062338156,8,0.2739771860480571
2026-02-13,-0.0051144900874695726,-0.005376180469551047,0.5233807641629493,13,0.249403578114892
2026-02-17,0.014272427542278433,0.014040899662049425,0.4630557604580167,8,0.21365218234312466
2026-02-18,-0.0006309444159761091,-0.001130944415976109,1.0,5,0.7863478176568752
2026-02-19,0.0016495979316431967,0.001281424022814759,0.7363478176568755,13,0.04999999999999971
2026-02-21,0.0,-0.0003663202924279214,0.7326405848558428,10,0.6826405848558428
2026-02-23,0.003232524773923812,0.002732524773923812,1.0,10,0.3173594151441572
2026-02-24,0.0015311903165216969,0.0012703789398688355,0.5216227533057229,10,0.2042633381615655
2026-02-25,-0.005609739060061847,-0.005817532786441588,0.41558745275948233,10,0.21132411459791667
2026-02-27,0.0022772101129774807,0.0019551549786016574,0.6441102687516467,10,0.4327861541537299
2026-03-02,-0.012161862518353087,-0.01245115150669145,0.5785779766767258,10,0.14579182252299594
2026-03-04,-0.011736322766402187,-0.01194583997602077,0.41903441923716284,10,0.27324259671416695
2026-03-21,0.0,-0.0003538581034500015,0.707716206900003,10,0.4344736101858363
2026-03-22,0.0,-0.0001922368050929182,0.3844736101858364,10,0.04999999999999993
2026-03-23,0.007379522510128671,0.00715076164338261,0.45752173349212316,20,0.4075217334921233
2026-03-24,0.0009351162818558625,0.0005565839406517384,0.7570646824082483,31,0.3495429489161249
2026-03-25,-0.0017379161336185394,-0.0018922087069672615,0.308585146697444,31,0.0500000000000006
2026-03-26,-0.011415206311650517,-0.011676865052290018,0.5233174812790025,31,0.473317481279002
2026-03-27,0.0006208208682300306,0.0003499319799549417,0.5417777765501779,31,0.06846029527117592
2026-03-30,0.014074249452734324,0.013916930644257511,0.3146376169536266,33,0.24617732168245077
2026-03-31,0.0024619621498516457,0.002303223285565842,0.31747772857160733,32,0.07130040688915673
2026-04-01,-0.00035882444717625674,-0.000502880680635791,0.2881124669190687,30,0.21681206002991205
2026-04-02,0.0043097551627582515,0.004105277970531006,0.40895438445449056,32,0.19214232442457868
2026-04-03,0.0,-0.00019663935178009193,0.39327870356018385,33,0.20113637913560545
2026-04-06,-0.0034779662564209278,-0.003619079801762855,0.2822270906838546,31,0.08109071154824932
2026-04-07,0.011897980309940525,0.011647521626435321,0.5009173670104091,17,0.41982665546216
2026-04-08,0.0014570581163947899,0.0011756394644032381,0.5628373039831033,16,0.1430106485209437
2026-04-09,-0.008301029430564493,-0.008513345796441274,0.4246327317535615,17,0.2816220832326183
2026-04-10,0.005997283082816346,0.005758385144448221,0.47779587673624974,17,0.19617379350363207
2026-04-13,0.001703764712973031,0.0014974099769743037,0.41270947199745467,19,0.21653567849382305
2026-04-14,0.0018978769046038013,0.0017053267495206036,0.38510031016639534,18,0.16856463167257285
2026-04-15,0.008029264023210555,0.007841637830107452,0.37525238620620394,18,0.20668775453363153
2026-04-16,0.008278058272165396,0.008068874074234718,0.41836839586135566,18,0.21168064132772457
2026-04-17,-0.0007885944104157886,-0.000976449760577261,0.37571070032294496,18,0.16403005899522083
2026-04-20,-0.0070451036772602,-0.007193840360324508,0.2974733661286161,19,0.1334433071333957
2026-04-21,0.005023427647170098,0.004872262762942443,0.3023297684553101,19,0.1688864613219151
2026-04-22,-0.0029563814967841122,-0.0031624856854857394,0.41220837740325467,17,0.24332191608134024
2026-04-23,0.004135240572944233,0.0039509725719877485,0.36853600191296815,18,0.12521408583162852
2026-04-24,0.0005919265252575777,0.0004109294363297518,0.36199417785565163,19,0.23678009202402361
2026-04-27,-0.0042550587787086765,-0.0044560151988737775,0.40191284033020147,18,0.1651327483061784
2026-04-28,0.009632270524795875,0.009430547166918993,0.4034467157537634,18,0.23831396744758548
2026-04-29,0.0344748072194998,0.034280576587970825,0.3884612630579597,17,0.15014729561037454
2026-04-30,0.006019770926290943,0.005904257530184736,0.2310267922124138,16,0.08087949660203964
2026-05-01,0.000722065132815408,0.000498686250025698,0.44675776557942015,17,0.36587826897738096
2026-05-04,0.013328749973209212,0.013110874485571848,0.4357509752747266,16,0.06987270629734599
2026-05-05,0.011179805418376907,0.01106542710254702,0.22875663165977383,16,0.15888392536242835
2026-05-06,0.007884534920165776,0.00769895850866274,0.37115282300607044,17,0.21226889764364276
2026-05-07,0.014978718390020317,0.014810677182700467,0.33608241463969935,17,0.12381351699605714
2026-05-08,0.010676692402726787,0.010527501321576798,0.2983821622999799,16,0.17456864530392324
2026-05-11,-0.004151707580292662,-0.004296349195945187,0.2892832313050485,18,0.11471458600112583
2026-05-12,0.01101373963022563,0.010823711367067198,0.3800565263168644,17,0.265341940315739
2026-05-13,-0.003835445950131014,-0.004028499575514122,0.38610725076621605,19,0.12076531045047745
2026-05-14,-0.008588493512771713,-0.008789142760651833,0.4012984957602399,18,0.2805331853097629
2026-05-15,-0.008802668195587279,-0.009000982760142582,0.3966291291106064,17,0.11609594380084409
2026-05-18,-0.0052619090971297786,-0.005482225449648813,0.4406327050380694,18,0.32453676123722586
2026-05-19,0.011669962478084307,0.011466869405894088,0.4061861443804385,19,0.08164938314321324
2026-05-20,0.008626802081524543,0.00843921414440172,0.3751758742456461,17,0.29352649110243345
2026-05-21,0.014969914455553209,0.014770439624129598,0.3989496628472209,18,0.10542317174478788
2026-05-22,0.006536869092520472,0.006320386424114187,0.4329653368125693,17,0.32754216506778167
2026-05-25,0.0,-0.00022322760833449768,0.44645521666899535,17,0.11891305160121368
2026-05-26,0.0027426247305963616,0.0027081682047957545,0.06891305160121372,17,0.050000000000000044
2026-05-27,0.004641350775294715,0.00442174626336385,0.43920902386173205,18,0.3892090238617322
2026-05-28,0.007510507529902044,0.007259446455913244,0.5021221479775988,18,0.11291312411586685
2026-05-29,0.0050369176944527055,0.004872014545953452,0.3298062969985076,16,0.21689317288264098
2026-06-01,-0.010157529232320068,-0.010344281950231501,0.3735054358228678,17,0.15661226294022723
2026-06-02,0.0002683480679976937,5.081230916093946e-05,0.4350715176735085,17,0.2784592547332816
2026-06-03,0.006534172032017136,0.006282542384358889,0.5032592953164934,17,0.22480004058321212
2026-06-04,-0.020988034439105976,-0.021205035793009402,0.4340027078068517,17,0.20920266722363978
2026-06-08,-0.00508138407254435,-0.005270231740177064,0.37769533526542814,16,0.16849266804178864
2026-06-09,-0.01798927462102504,-0.018115946008712913,0.2533427753757461,16,0.08485010733395781
2026-06-11,0.013986968510383224,0.013824991333644999,0.32395435347644974,13,0.23910424614249215
2026-06-12,0.011049635702645649,0.010828606691982648,0.4420580213260026,16,0.20295377518351043
2026-06-15,-0.008062176730740904,-0.008220864331235908,0.31737520099000693,16,0.11442142580649683
2026-06-16,-0.004024322596089487,-0.004308899991688426,0.5691547911978786,16,0.4547333653913821
2026-06-18,0.01005145938402865,0.009773657646895435,0.5556034742664305,17,0.10087010887504866
2026-06-19,0.0,-0.00015726441818023567,0.31452883636047135,17,0.21365872748542292
2026-06-22,-0.008646842934330488,-0.0087286722980732,0.16365872748542276,17,0.050000000000000155
2026-06-23,-0.008546215343749403,-0.008665720798003774,0.23901090850874224,17,0.18901090850874236
2026-06-24,0.017611617748552286,0.017517891873135016,0.18745175083453872,17,0.050000000000000266
2026-06-25,-0.020000012106362087,-0.020121289290192364,0.24255436766055186,17,0.1925543676605519
2026-06-26,0.01693314675741972,0.016753914325017626,0.35846486480418616,14,0.1659104971436346
2026-06-29,-0.0009888614622785945,-0.0011700159645413827,0.3623090045255765,17,0.1963985073819421
2026-06-30,-0.006653120501103379,-0.006892771314306205,0.4793016264056519,18,0.2829031190237099
2026-07-01,-0.011934718895942609,-0.012152470183477378,0.4355025750695385,18,0.1525994560458287
2026-07-02,0.007365495898754115,0.007178227947123772,0.3745359032606855,18,0.22193644721485672
2026-07-03,0.0,-0.0001774608745093845,0.354921749018769,18,0.13298530180391221
2026-07-06,-0.015581373769992671,-0.015622866420894627,0.08298530180391225,18,0.050000000000000155
2026-07-07,-0.005802998482256963,-0.0059736377642125305,0.3412785639111359,18,0.2912785639111358
