date,ic
2014-01-02,0.2318887134948406
2014-01-03,0.1332605933423765
2014-01-06,0.017755042138225034
2014-01-07,0.08213300432346529
2014-01-08,-0.028613080837622786
2014-01-09,-0.10093720565565109
2014-01-10,-0.05274493891367641
2014-01-13,0.013718954762664642
2014-01-14,-0.029668002560551767
2014-01-15,-0.04744359840656017
2014-01-16,-0.1584594337932153
2014-01-17,-0.1742852229110752
2014-01-21,-0.09393329823855727
2014-01-22,-0.2131213243755917
2014-01-23,-0.010314002128116595
2014-01-24,0.11886318708776364
2014-01-27,-0.016745227314909603
2014-01-28,-0.10528068802875466
2014-01-29,-0.021941337415647313
2014-01-30,-0.12818113274839518
2014-01-31,-0.034962596869330655
2014-02-03,0.06941670899343898
2014-02-04,0.04612560998981876
2014-02-05,0.10722692153632665
2014-02-06,0.16399014297412307
2014-02-07,0.02459596955711815
2014-02-10,0.16880897910446807
2014-02-11,0.12948051934463184
2014-02-12,0.1385405578248138
2014-02-13,0.12435385016530306
2014-02-14,0.227889768895037
2014-02-18,0.11569968618534436
2014-02-19,0.1667137005856276
2014-02-20,0.12861016047583632
2014-02-21,0.030467124174754612
2014-02-24,-0.05778209924833258
2014-02-25,0.1311248998672737
2014-02-26,0.12401595723160873
2014-02-27,0.054718214999831524
2014-02-28,0.17594107318480995
2014-03-03,0.20561019204456632
2014-03-04,-0.04095096046301346
2014-03-05,-0.056973371487041964
2014-03-06,-0.0919404331260047
2014-03-07,-0.12377374231899717
2014-03-10,-0.11354604917713339
2014-03-11,-0.022379017758006742
2014-03-12,-0.010725796147347798
2014-03-13,0.07262715812272759
2014-03-14,-0.10325311399041932
2014-03-17,-0.25332416026119847
2014-03-18,-0.3065446357598233
2014-03-19,-0.3706348887530242
2014-03-20,-0.43280869145143974
2014-03-21,-0.3689685475459188
2014-03-24,-0.20871052598480644
2014-03-25,-0.028378664414932617
2014-03-26,0.053550171465299376
2014-03-27,0.09099099917063729
2014-03-28,-0.15445048977069886
2014-03-31,-0.4515282205339642
2014-04-01,-0.5446034322103098
2014-04-02,-0.440060516521752
2014-04-03,-0.48298712597041443
2014-04-04,-0.3337216702083951
2014-04-07,-0.23684042141095876
2014-04-08,-0.13132690462947874
2014-04-09,-0.19713001272831887
2014-04-10,0.12432007509846231
2014-04-11,0.31364988454343684
2014-04-14,0.44048040445109354
2014-04-15,0.3416284334855545
2014-04-16,0.1483225784622959
2014-04-17,-0.11100778575758587
2014-04-21,-0.3000590613325744
2014-04-22,-0.3284125046764522
2014-04-23,-0.23444152206082738
2014-04-24,-0.16701887043945737
2014-04-25,-0.002747234811760324
2014-04-28,0.16947676489239769
2014-04-29,0.03360637512817296
2014-04-30,-0.08994081034145178
2014-05-01,-0.15615544046353064
2014-05-02,-0.13064510477807278
2014-05-05,-0.024125443667410464
2014-05-06,0.032250565591014003
2014-05-07,-0.04573100162414687
2014-05-08,-0.030682785607813658
2014-05-09,-0.05079577262838235
2014-05-12,-0.06927150773733581
2014-05-13,-0.027980745311614322
2014-05-14,0.12215492484811638
2014-05-15,0.16801044687569375
2014-05-16,0.24791796828384619
2014-05-19,0.24930285341434735
2014-05-20,0.245793113374434
2014-05-21,0.2342245221659244
2014-05-22,0.22437930253068838
2014-05-23,0.1618511607759623
2014-05-27,0.03656788602011602
2014-05-28,0.09312920758383114
2014-05-29,0.0966500198667677
2014-05-30,0.04109790091053411
2014-06-02,-0.04383114242556805
2014-06-03,-0.03148466323190355
2014-06-04,-0.046548715220598384
2014-06-05,-0.11327888520559565
2014-06-06,-0.12090121503292817
2014-06-09,-0.060578195816001656
2014-06-10,-0.025112311590494887
2014-06-11,-0.01865540031723962
2014-06-12,0.049987727382565975
2014-06-13,0.09958658004139412
2014-06-16,0.06758077060094254
2014-06-17,0.011359628488310498
2014-06-18,0.08724500534965589
2014-06-19,0.14535416209933724
2014-06-20,0.06074464174610567
2014-06-23,0.056809110177005656
2014-06-24,0.1701983016443245
2014-06-25,0.050817053186535927
2014-06-26,0.026834215635823628
2014-06-27,-0.0101322462478426
2014-06-30,-0.07231446369091367
2014-07-01,-0.08874321157571137
2014-07-02,0.0014522954232696274
2014-07-03,-0.012701262795360132
2014-07-07,0.10178345168752609
2014-07-08,0.10353942745666354
2014-07-09,0.023264354781972328
2014-07-10,-0.07664849526197834
2014-07-11,0.021241697751090825
2014-07-14,-0.009230629750431688
2014-07-15,0.08964439661249966
2014-07-16,0.10658608086899245
2014-07-17,0.13426047178071893
2014-07-18,0.019656230439447697
2014-07-21,-0.051605452020208206
2014-07-22,-0.09656730646753456
2014-07-23,-0.12831582435651734
2014-07-24,-0.2094817193725963
2014-07-25,-0.15837084195310444
2014-07-28,-0.04576721591064653
2014-07-29,-0.09403212175511366
2014-07-30,-0.14587088634547835
2014-07-31,-0.04792201178320943
2014-08-01,-0.08631111415418287
2014-08-04,-0.14683429156139094
2014-08-05,-0.08227187166992422
2014-08-06,0.03824887740881257
2014-08-07,0.028804539155936726
2014-08-08,0.10763449969762605
2014-08-11,0.12223028728032417
2014-08-12,0.14597272996729277
2014-08-13,0.10679628621086959
2014-08-14,0.10054422666483431
2014-08-15,0.030138064852379232
2014-08-18,0.05044438025490747
2014-08-19,-0.01100850707121293
2014-08-20,-0.0314091083003761
2014-08-21,0.038142014163838604
2014-08-22,0.054616309855102574
2014-08-25,0.0723037874687021
2014-08-26,0.15264634924771303
2014-08-27,0.03098734825110572
2014-08-28,0.08928605146640527
2014-08-29,0.07432932761179052
2014-09-02,0.08491790737892124
2014-09-03,-0.005110579365078557
2014-09-04,0.016458376433848204
2014-09-05,-0.09843492158917094
2014-09-08,-0.09556117973659546
2014-09-09,0.0013497034752235392
2014-09-10,0.027307356143814753
2014-09-11,0.0289583562197499
2014-09-12,0.1277005182310127
2014-09-15,0.14190451009653293
2014-09-16,0.035879377388787416
2014-09-17,0.03731302300009343
2014-09-18,0.043759487327013805
2014-09-19,0.053487207430690326
2014-09-22,0.12160226625769309
2014-09-23,0.0858344154151665
2014-09-24,-0.0139777731528534
2014-09-25,-0.035327006868836906
2014-09-26,-0.0034988148023338945
2014-09-29,-0.04323629526070637
2014-09-30,-0.015365782302312943
2014-10-01,0.06334823619838482
2014-10-02,0.08600231969100551
2014-10-03,-0.04785222802154041
2014-10-06,-0.12232788669213962
2014-10-07,-0.18077896536580543
2014-10-08,-0.22497164160365193
2014-10-09,-0.14852654143378463
2014-10-10,-0.02773180185432535
2014-10-13,0.15656808229960206
2014-10-14,0.21378054313242792
2014-10-15,0.3084540758221978
2014-10-16,0.24440132834857212
2014-10-17,0.21559156772485222
2014-10-20,0.20811806021012325
2014-10-21,0.09331585451229558
2014-10-22,0.09915592335956387
2014-10-23,0.10691091658773076
2014-10-24,0.0522925793952189
2014-10-27,0.04767381224918809
2014-10-28,0.09185567622556852
2014-10-29,0.02045986436306085
2014-10-30,0.09517002188611491
2014-10-31,0.0062228290779493866
2014-11-03,0.0515637221865847
2014-11-04,-0.03768835112377868
2014-11-05,-0.020154314608657613
2014-11-06,0.03156334134328256
2014-11-07,0.09092633515453027
2014-11-10,0.0613581233257009
2014-11-11,0.07140527523404447
2014-11-12,0.1040354125849112
2014-11-13,-0.06231399428670822
2014-11-14,-0.045886167508024954
2014-11-17,-0.04896823267686029
2014-11-18,-0.05768835530950515
2014-11-19,0.06754563672915266
2014-11-20,0.21873918637033551
2014-11-21,0.24388643501927315
2014-11-24,0.29317638713500105
2014-11-25,0.2850806982940861
2014-11-26,0.23827321779445906
2014-11-28,0.0909604113744878
2014-12-01,0.25139375481052423
2014-12-02,0.17084441646410126
2014-12-03,0.25485921047362114
2014-12-04,0.252635837831599
2014-12-05,0.2433350547234432
2014-12-08,0.2195390372204848
2014-12-09,0.1755742482101031
2014-12-10,0.0520595305172468
2014-12-11,-0.03296519517811689
2014-12-12,-0.1448256859886905
2014-12-15,-0.1624101727616277
2014-12-16,-0.21105095452761813
2014-12-17,-0.10862880481963658
2014-12-18,-0.11636649400972958
2014-12-19,0.06756011134166222
2014-12-22,-0.06601478310708118
2014-12-23,0.06065824931376065
2014-12-24,0.012735610455561801
2014-12-26,0.19546197199645174
2014-12-29,0.2109524448322619
2014-12-30,0.30959444672721415
2014-12-31,0.3568825354757062
2015-01-02,0.31950941774481934
2015-01-05,0.2543192306033554
2015-01-06,0.2519305662451441
2015-01-07,0.17742645791975323
2015-01-08,0.18779139124666896
2015-01-09,0.17704981561936897
2015-01-12,0.13529564226851767
2015-01-13,0.001533597536778507
2015-01-14,-0.014824505956555382
2015-01-15,0.039227253348396426
2015-01-16,0.024372258666340567
2015-01-20,-0.023709973774968703
2015-01-21,0.2266890603213668
2015-01-22,0.2366750222698483
2015-01-23,-0.04227639712470683
2015-01-26,-0.21929791872132925
2015-01-27,-0.286438133962906
2015-01-28,-0.28985432157466046
2015-01-29,-0.3588045704027447
2015-01-30,-0.24467414052984612
2015-02-02,-0.21613634659894385
2015-02-03,0.0722663192325937
2015-02-04,-0.02833139530291429
2015-02-05,-0.03553257442772583
2015-02-06,-0.1551643293778055
2015-02-09,-0.024377578806869016
2015-02-10,-0.12851838928033157
2015-02-11,-0.19252461509053584
2015-02-12,-0.06525069721605045
2015-02-13,0.2487231872113071
2015-02-17,0.17843799393926763
2015-02-18,0.022043793604922205
2015-02-19,0.11439620714778026
2015-02-20,0.03347561392146512
2015-02-23,-0.00020651250910140522
2015-02-24,0.04944555898062201
2015-02-25,0.139474318294862
2015-02-26,0.14268588318205871
2015-02-27,0.12118082443544445
2015-03-02,0.136082415659017
2015-03-03,0.28560427328141635
2015-03-04,0.27363249358284975
2015-03-05,0.3000563279079438
2015-03-06,0.4307465716876589
2015-03-09,0.3821534859309575
2015-03-10,0.2807214256023794
2015-03-11,0.20397594914980302
2015-03-12,0.2473487708107896
2015-03-13,0.037394466454489746
2015-03-16,-0.14657974274549893
2015-03-17,-0.18656569395901768
2015-03-18,-0.25777373820980215
2015-03-19,-0.3391230844318743
2015-03-20,-0.10089483705653383
2015-03-23,0.03587071190775583
2015-03-24,0.03946649798148463
2015-03-25,0.14541144108239656
2015-03-26,0.06066657765909778
2015-03-27,-0.3027570782058742
2015-03-30,-0.38783743590189873
2015-03-31,-0.27449388215076514
2015-04-01,-0.2417133877563371
2015-04-02,-0.12934800087421888
2015-04-06,0.02744740880135422
2015-04-07,-0.07065795524884982
2015-04-08,-0.36934625533518944
2015-04-09,-0.33045213365266324
2015-04-10,-0.35234046806286795
2015-04-13,-0.3427715517058552
2015-04-14,-0.018091936556980874
2015-04-15,0.19074150054346858
2015-04-16,0.06278953321162323
2015-04-17,0.05869402329829768
2015-04-20,-0.15577236905898068
2015-04-21,-0.3668548027492658
2015-04-22,-0.4534094487089554
2015-04-23,-0.42323605396326974
2015-04-24,-0.3021918834336913
2015-04-27,-0.16288662101369403
2015-04-28,-0.15679374206391766
2015-04-29,0.02736991333535495
2015-04-30,0.3084475866518309
2015-05-01,0.16654996645649928
2015-05-04,0.1818746925280988
2015-05-05,0.24577554165128998
2015-05-06,0.183425960782814
2015-05-07,0.09584019198586138
2015-05-08,0.12306773854921628
2015-05-11,0.23213341179321575
2015-05-12,0.37107763147883555
2015-05-13,0.38427637915460466
2015-05-14,0.2616663523542229
2015-05-15,0.31514031879022397
2015-05-18,0.2693718539504668
2015-05-19,0.19621022636938523
2015-05-20,0.28394177761207245
2015-05-21,0.3467098288542957
2015-05-22,0.366248204237571
2015-05-26,0.05427000327017505
2015-05-27,0.017612554598175373
2015-05-28,0.042857686136660106
2015-05-29,0.012950649587463873
2015-06-01,-0.055710213783289615
2015-06-02,0.0837221814505361
2015-06-03,0.03686087471416316
2015-06-04,0.06788856891238333
2015-06-05,0.07976505020757813
2015-06-08,0.11155281319612335
2015-06-09,0.18164797871425511
2015-06-10,0.15275831473846696
2015-06-11,0.17701198609489813
2015-06-12,0.2015361140009717
2015-06-15,0.1717508280949609
2015-06-16,0.1439370623080224
2015-06-17,0.1281871326476155
2015-06-18,0.17856077229714873
2015-06-19,0.0775390780240756
2015-06-22,0.07450196715497093
2015-06-23,0.15504459962191322
2015-06-24,0.32948464163948693
2015-06-25,0.16462832430716076
2015-06-26,0.312773190682782
2015-06-29,0.30012436164514905
2015-06-30,0.2537862473907059
2015-07-01,0.1699554844566559
2015-07-02,0.3557034421103586
2015-07-06,0.20973559380423035
2015-07-07,0.29820250698028916
2015-07-08,0.3266590803514565
2015-07-09,0.322889607482407
2015-07-10,0.31606061532453067
2015-07-13,0.4255211302584631
2015-07-14,0.38235857698846726
2015-07-15,0.39491122994308636
2015-07-16,0.37634547801782015
2015-07-17,0.3118777232893812
2015-07-20,0.12281108325041669
2015-07-21,0.10659868101436328
2015-07-22,-0.09601025132092227
2015-07-23,-0.07087152710056803
2015-07-24,-0.06767393097737767
2015-07-27,0.06672785702195282
2015-07-28,0.17253721739805725
2015-07-29,0.29866688277758974
2015-07-30,0.10316149337993684
2015-07-31,0.1461767020115957
2015-08-03,-0.1086214856856586
2015-08-04,-0.09873738897315933
2015-08-05,-0.2784976751846244
2015-08-06,0.0710219976748785
2015-08-07,-0.012801849509670369
2015-08-10,0.22757661929637069
2015-08-11,0.2398135736894094
2015-08-12,0.38775461965002483
2015-08-13,0.09808248035585687
2015-08-14,0.051729618162794866
2015-08-17,0.005048591653889737
2015-08-18,0.03841633708067105
2015-08-19,0.08176453312706337
2015-08-20,-0.07056339953412198
2015-08-21,-0.12665130978655592
2015-08-24,-0.20670471846534347
2015-08-25,-0.2551911048833911
2015-08-26,-0.26000074711310983
2015-08-27,-0.09641910404669635
2015-08-28,0.12552893236924395
2015-08-31,0.36523382166230595
2015-09-01,0.28519165565793625
2015-09-02,0.21589803191607373
2015-09-03,0.37759593980054035
2015-09-04,0.31206128649878395
2015-09-08,0.26156057487454965
2015-09-09,-0.02881353651185007
2015-09-10,0.03836307264807174
2015-09-11,0.017943958741788307
2015-09-14,0.07480388794057213
2015-09-15,0.17207339411225825
2015-09-16,0.48886593946541795
2015-09-17,0.36703721018534524
2015-09-18,0.28460211676062
2015-09-21,0.2565334033091483
2015-09-22,0.11037539625747977
2015-09-23,-0.1246708779332131
2015-09-24,0.05948645430852339
2015-09-25,-0.20460881951079252
2015-09-28,-0.3917643046871751
2015-09-29,-0.4776516217016507
2015-09-30,-0.5222390915371178
2015-10-01,-0.6238040701004426
2015-10-02,-0.5499614042486257
2015-10-05,-0.3124176349992656
2015-10-06,0.016067447133574986
2015-10-07,-0.04746565016354992
2015-10-08,0.14157815731598197
2015-10-09,0.21839441724841155
2015-10-12,0.16118306059911905
2015-10-13,0.07884828455064098
2015-10-14,0.3026101790917139
2015-10-15,0.20055655951792822
2015-10-16,0.12409326272396362
2015-10-19,0.09550888277373445
2015-10-20,0.2762990978116396
2015-10-21,0.20252419777271083
2015-10-22,0.22589005747762544
2015-10-23,0.13595550848191265
2015-10-26,-0.07884449012888436
2015-10-27,-0.3057354635666735
2015-10-28,-0.23952425322909243
2015-10-29,-0.1501880268278587
2015-10-30,-0.05805947724349026
2015-11-02,0.03062932923881889
2015-11-03,0.25643836773168904
2015-11-04,0.29138037557577395
2015-11-05,0.3240493273670802
2015-11-06,0.2558944314337141
2015-11-09,0.1692950678651833
2015-11-10,0.2134644538425201
2015-11-11,0.03998424646048781
2015-11-12,-0.03839426601189127
2015-11-13,0.12158053528690374
2015-11-16,0.22603294479020056
2015-11-17,-0.050574654455329916
2015-11-18,0.08930817631621098
2015-11-19,0.19739095523163186
2015-11-20,-0.06843009111456104
2015-11-23,-0.0820920616067626
2015-11-24,0.19790484005976494
2015-11-25,0.1137527284688297
2015-11-27,0.20100751762605362
2015-11-30,0.3521145023466784
2015-12-01,0.4347329982728436
2015-12-02,0.2813748781050355
2015-12-03,0.34931167544874386
2015-12-04,0.25476365134271367
2015-12-07,0.2558567076102389
2015-12-08,0.06860829658635921
2015-12-09,0.20732441921611933
2015-12-10,0.27634407095064695
2015-12-11,0.1500155320473984
2015-12-14,-0.05844572521794771
2015-12-15,-0.11310275550562263
2015-12-16,-0.26366972733654653
2015-12-17,-0.39444453603464047
2015-12-18,-0.2102541984023742
2015-12-21,-0.17719120361283697
2015-12-22,0.09974452112138307
2015-12-23,0.32731466177688373
2015-12-24,0.03475412555234953
2015-12-28,-0.07879054973277051
2015-12-29,0.10748861360997165
2015-12-30,0.11276337326200837
2015-12-31,0.17021357661452494
2016-01-04,0.3252470623688023
2016-01-05,0.36799715639309416
2016-01-06,0.21955951413534303
2016-01-07,0.16936471250885973
2016-01-08,0.24911200388057264
2016-01-11,0.23034411928539558
2016-01-12,0.1459580942379956
2016-01-13,0.04289917994605949
2016-01-14,0.057274506942049594
2016-01-15,0.04913566349940059
2016-01-19,-0.21771421190008688
2016-01-20,-0.29437822374116207
2016-01-21,-0.1839719860054646
2016-01-22,-0.20375448048550088
2016-01-25,-0.26661276046865195
2016-01-26,-0.01102258386231107
2016-01-27,-0.16329130816204376
2016-01-28,-0.2810068461560345
2016-01-29,-0.30452103849373785
2016-02-01,-0.29229079874179104
2016-02-02,-0.2689575740826207
2016-02-03,-0.0848882846458664
2016-02-04,0.14770573621807978
2016-02-05,0.19163933025497837
2016-02-08,0.11333310426735287
2016-02-09,-0.20716118117625554
2016-02-10,-0.25751956357705225
2016-02-11,-0.18649649629711965
2016-02-12,-0.21311437614218065
2016-02-16,-0.05196287997446873
2016-02-17,0.19214511146039992
2016-02-18,0.24809172504956495
2016-02-19,-0.12626935078510299
2016-02-22,-0.01974670277190625
2016-02-23,-0.20773932483785168
2016-02-24,-0.37301328132636064
2016-02-25,-0.5332407448730915
2016-02-26,-0.47393736176428286
2016-02-29,-0.5510067182445902
2016-03-01,-0.33321006110071233
2016-03-02,-0.19416893954431225
2016-03-03,0.05109037353439856
2016-03-04,-0.002040244612066314
2016-03-07,0.22895876160159936
2016-03-08,0.13084309278616066
2016-03-09,0.030868911997630134
2016-03-10,-0.17190397312785094
2016-03-11,-0.06101272149866326
2016-03-14,-0.11303873057244282
2016-03-15,-0.3155517490697931
2016-03-16,0.03948380047062858
2016-03-17,0.14912305622624095
2016-03-18,0.36529248158059896
2016-03-21,0.3843468329819338
2016-03-22,0.37216059942391216
2016-03-23,-0.035077628904444304
2016-03-24,0.10352915716842842
2016-03-28,0.14700717067669
2016-03-29,0.19404035435176306
2016-03-30,0.1351013888311316
2016-03-31,0.2760245950475767
2016-04-01,0.09530756706864978
2016-04-04,-0.04216606484346078
2016-04-05,-0.18052049656775007
2016-04-06,-0.3079212200247203
2016-04-07,-0.40445239789764825
2016-04-08,-0.35757169881824913
2016-04-11,-0.3874646913033032
2016-04-12,-0.3166033330735879
2016-04-13,-0.24385828593739514
2016-04-14,-0.31885717909971983
2016-04-15,-0.41900530415360854
2016-04-18,-0.31919845216484893
2016-04-19,-0.28898966239633056
2016-04-20,-0.16028370388120408
2016-04-21,0.049173345412040964
2016-04-22,0.12487457792059097
2016-04-25,0.0889262488343389
2016-04-26,0.33598505292138525
2016-04-27,0.4361354531499401
2016-04-28,0.43432160865226316
2016-04-29,0.4524215424831959
2016-05-02,0.4440621407345703
2016-05-03,0.31452245747393104
2016-05-04,0.1964636800081635
2016-05-05,0.23983693610413703
2016-05-06,0.2869771050989466
2016-05-09,0.08621559478968258
2016-05-10,0.008395294081674514
2016-05-11,-0.09910869001882155
2016-05-12,-0.16972661692827296
2016-05-13,-0.29614017060450265
2016-05-16,-0.26909013302693563
2016-05-17,-0.07455832465919668
2016-05-18,-0.2569337805352087
2016-05-19,-0.24816390635682598
2016-05-20,-0.18188656220108906
2016-05-23,-0.21358800174071566
2016-05-24,-0.19865452727182473
2016-05-25,-0.06352253403585473
2016-05-26,0.04432610506213222
2016-05-27,-0.09134000712173167
2016-05-31,-0.008508961451627495
2016-06-01,0.019150823277900426
2016-06-02,0.20154558075813153
2016-06-03,0.2812131813267299
2016-06-06,0.46558666874733295
2016-06-07,0.4942827551178206
2016-06-08,0.47945589495090096
2016-06-09,0.40785155139609797
2016-06-10,0.12869901905346276
2016-06-13,-0.0439652034248135
2016-06-14,-0.12088083117722452
2016-06-15,-0.04621442509999579
2016-06-16,-0.2761621798423534
2016-06-17,0.2660613609398172
2016-06-20,0.43105331976106537
2016-06-21,0.3533049958804584
2016-06-22,0.2906553790400112
2016-06-23,0.3964243895483255
2016-06-24,0.17327455312269494
2016-06-27,0.1147884310436895
2016-06-28,0.20125816913700237
2016-06-29,0.2173942720418623
2016-06-30,0.0718690254123243
2016-07-01,0.037250571955689066
2016-07-05,-0.41271974930553473
2016-07-06,-0.3189835537761552
2016-07-07,-0.294661457735288
2016-07-08,-0.25981284570472507
2016-07-11,-0.297861166604706
2016-07-12,-0.03265072467557746
2016-07-13,-0.28950400378580665
2016-07-14,-0.18246905899017482
2016-07-15,-0.14569981078618838
2016-07-18,-0.0886159348937276
2016-07-19,-0.18938922896239013
2016-07-20,-0.07684103645764429
2016-07-21,-0.03414755828559041
2016-07-22,0.001125510342482838
2016-07-25,0.019745804103818165
2016-07-26,0.12288606044641583
2016-07-27,0.0597222565412129
2016-07-28,0.08681987419580144
2016-07-29,-0.09867321610826782
2016-08-01,-0.13162601424001344
2016-08-02,-0.16631048484332725
2016-08-03,-0.03988678553900053
2016-08-04,-0.1939690429648901
2016-08-05,-0.0039464599588420754
2016-08-08,-0.10435718902247595
2016-08-09,-0.21344335504362508
2016-08-10,-0.21504698944488573
2016-08-11,-0.08121360330142668
2016-08-12,-0.08430725193626386
2016-08-15,-0.019704371353066484
2016-08-16,-0.0046556845853379
2016-08-17,-0.040154971896516525
2016-08-18,-0.04489878684945629
2016-08-19,-0.04181202300581334
2016-08-22,-0.025824775562925107
2016-08-23,-0.08000369569002078
2016-08-24,-0.06019680022155458
2016-08-25,-0.05883786700240915
2016-08-26,0.04492262530146699
2016-08-29,0.09345007756912552
2016-08-30,0.18944869169002512
2016-08-31,0.08374169954142183
2016-09-01,-0.12321698408215093
2016-09-02,-0.17915574124987924
2016-09-06,-0.23740739916155915
2016-09-07,-0.1361926076279929
2016-09-08,-0.056353482685034435
2016-09-09,0.11826933895529819
2016-09-12,0.12361170803136047
2016-09-13,0.23013486807823305
2016-09-14,0.2564726529031444
2016-09-15,0.19355276881735095
2016-09-16,0.12983075250228046
2016-09-19,0.15643650964279285
2016-09-20,0.15322033677117852
2016-09-21,0.057454759306042345
2016-09-22,0.06912287593588434
2016-09-23,0.04136174686787143
2016-09-26,-0.028053873959604344
2016-09-27,-0.10678886878797919
2016-09-28,-0.1667871092178555
2016-09-29,-0.08538386052980533
2016-09-30,-0.061059687094027634
2016-10-03,-0.06333197987211489
2016-10-04,-0.016569281345454576
2016-10-05,0.11529723313458053
2016-10-06,0.13435177451240413
2016-10-07,0.12436164483489714
2016-10-10,0.1869325801627297
2016-10-11,0.22823527341649577
2016-10-12,0.13804141298253755
2016-10-13,0.053195141163360826
2016-10-14,-0.003003237191192685
2016-10-17,-0.04119225987407685
2016-10-18,-0.025617225334911817
2016-10-19,-0.08534942615328019
2016-10-20,-0.106108720351391
2016-10-21,-0.09445146897010778
2016-10-24,-0.024041446132534165
2016-10-25,-0.0714509563938523
2016-10-26,-0.00678018654753901
2016-10-27,0.06021181650962939
2016-10-28,0.07067674338744503
2016-10-31,-0.000841351335334019
2016-11-01,0.08915967393988102
2016-11-02,-0.01202100673019853
2016-11-03,-0.13468159152821815
2016-11-04,-0.14325647011932618
2016-11-07,-0.22137517762877992
2016-11-08,-0.21780758798051067
2016-11-09,-0.1605126808422966
2016-11-10,-0.014797041943861843
2016-11-11,0.09203831327996409
2016-11-14,0.20075670506350582
2016-11-15,0.15447547658153934
2016-11-16,0.07995998763234693
2016-11-17,0.11884034484894013
2016-11-18,0.15309497979646688
2016-11-21,0.08972703466293037
2016-11-22,-0.009522232244749067
2016-11-23,-0.09123282209641116
2016-11-25,-0.003933379406454142
2016-11-28,-0.10202771314513133
2016-11-29,-0.14122816997009305
2016-11-30,-0.09483418968264704
2016-12-01,-0.04580323076584334
2016-12-02,-0.17098330137469683
2016-12-05,-0.10250810462267677
2016-12-06,-0.07701462118946627
2016-12-07,-0.09847059409626592
2016-12-08,-0.02307879504825679
2016-12-09,-0.06108872951583891
2016-12-12,-0.12100018495001105
2016-12-13,0.004386267071715579
2016-12-14,-0.005009716982970555
2016-12-15,-0.04126757679226775
2016-12-16,0.1373430646366716
2016-12-19,0.15937250855912768
2016-12-20,0.031657862019836606
2016-12-21,-0.0506989129628036
2016-12-22,-0.12381914647992753
2016-12-23,-0.18715912366579046
2016-12-27,-0.18083294835019695
2016-12-28,-0.23646384797777098
2016-12-29,-0.1977180948896776
2016-12-30,-0.13357276885492325
2017-01-03,-0.03207430919509436
2017-01-04,0.08878339505877499
2017-01-05,0.10199958761269938
2017-01-06,0.17672441848298542
2017-01-09,0.04326134479141989
2017-01-10,0.003568661539163887
2017-01-11,-0.053921202718436145
2017-01-12,0.034230179912319136
2017-01-13,-0.005492607515542658
2017-01-17,0.2733148135721266
2017-01-18,0.2706016327304104
2017-01-19,0.2765731696981146
2017-01-20,0.2799340037388808
2017-01-23,0.2023692267877925
2017-01-24,-0.0414450968716527
2017-01-25,-0.057036977440445585
2017-01-26,-0.10967872410805926
2017-01-27,-0.06931642426808432
2017-01-30,-0.00638757274403801
2017-01-31,0.02424922671154647
2017-02-01,-0.11678993998349624
2017-02-02,-0.05546354907988183
2017-02-03,-0.14247460586034597
2017-02-06,-0.06327836416004498
2017-02-07,-0.005845810933835541
2017-02-08,0.06767509095863368
2017-02-09,0.03351889627719904
2017-02-10,-0.019515407833418978
2017-02-13,-0.05747698655236193
2017-02-14,-0.11491979778941319
2017-02-15,-0.16964790793405188
2017-02-16,-0.2245279706431067
2017-02-17,-0.1859757498144246
2017-02-21,-0.1857456947967284
2017-02-22,0.044245604122250114
2017-02-23,-0.004208876503591058
2017-02-24,0.16957665009626272
2017-02-27,0.1201928541509435
2017-02-28,0.20748433669290348
2017-03-01,-0.12044765555437059
2017-03-02,0.02408228033663433
2017-03-03,-0.07216675810840062
2017-03-06,-0.014306211715236144
2017-03-07,-0.062395182287811914
2017-03-08,0.03086575718280734
2017-03-09,0.010879830790335098
2017-03-10,0.04162066755246021
2017-03-13,-0.02629670927785274
2017-03-14,-0.1638502338272254
2017-03-15,-0.15187178648408445
2017-03-16,-0.13214552778321087
2017-03-17,-0.14580721444395867
2017-03-20,-0.2189915842361571
2017-03-21,0.0864629218446527
2017-03-22,-0.012820858143164937
2017-03-23,0.08036085292801753
2017-03-24,0.048825246998061955
2017-03-27,0.104310733477252
2017-03-28,0.08972770452652502
2017-03-29,0.020881478340135238
2017-03-30,-0.07287394736844927
2017-03-31,-0.051749518694487365
2017-04-03,-0.12716433300450825
2017-04-04,-0.22645292959452545
2017-04-05,-0.2957895938727394
2017-04-06,-0.3300766459009487
2017-04-07,-0.27250228910347635
2017-04-10,-0.11940920346040694
2017-04-11,-0.03498837129797911
2017-04-12,0.1691037708874224
2017-04-13,0.20499126227184677
2017-04-17,0.2638162226470083
2017-04-18,0.2698026122350255
2017-04-19,0.2094964580858942
2017-04-20,0.15091186074197005
2017-04-21,0.12600055227564896
2017-04-24,0.1428735003990601
2017-04-25,0.055890944188605254
2017-04-26,0.07546253759565642
2017-04-27,0.08703584135915347
2017-04-28,0.06077438742497946
2017-05-01,-0.04711328626655178
2017-05-02,0.008231929386979987
2017-05-03,-0.026506010247136457
2017-05-04,0.0011963703999157778
2017-05-05,0.021316739844864038
2017-05-08,0.07518258342910596
2017-05-09,0.13358832958347608
2017-05-10,-0.09182019017466625
2017-05-11,-0.0660353361590047
2017-05-12,-0.040464089333027864
2017-05-15,-0.003162680667289558
2017-05-16,-0.06893292724047888
2017-05-17,0.18654383282712217
2017-05-18,0.21948099189523262
2017-05-19,0.27232548608421503
2017-05-22,0.21440433577361628
2017-05-23,0.15637406232094872
2017-05-24,0.0808851079395341
2017-05-25,0.10447968565837029
2017-05-26,0.06644889897864216
2017-05-30,0.08961257677062145
2017-05-31,0.17373052494784297
2017-06-01,0.26182877938414106
2017-06-02,-0.040366562287143054
2017-06-05,-0.1727719850562074
2017-06-06,-0.17230353092089845
2017-06-07,-0.24793291395707195
2017-06-08,-0.2587176899792229
2017-06-09,-0.06056537316159885
2017-06-12,0.23686512688925856
2017-06-13,0.15982012461516568
2017-06-14,0.2333414962882413
2017-06-15,0.2084902345869393
2017-06-16,0.13028149276370984
2017-06-19,-0.0797684656106958
2017-06-20,-0.17819140399345687
2017-06-21,-0.21560136304503413
2017-06-22,-0.2516644699790575
2017-06-23,-0.25178413436329977
2017-06-26,-0.20839727573476968
2017-06-27,0.108304748015828
2017-06-28,0.11095389261812176
2017-06-29,0.3796631828145814
2017-06-30,0.45145116225206566
2017-07-03,0.4973521342799312
2017-07-05,0.3794068880716613
2017-07-06,0.2337311625759288
2017-07-07,0.03133521802928534
2017-07-10,-0.08992108381650303
2017-07-11,-0.09152700581342793
2017-07-12,-0.19236272110609073
2017-07-13,-0.12055661107600979
2017-07-14,-0.057686767511098455
2017-07-17,0.11946608874245346
2017-07-18,-0.08122473592198239
2017-07-19,-0.010285988681877824
2017-07-20,-0.15875184720374114
2017-07-21,-0.16832063341912334
2017-07-24,-0.28381172141600364
2017-07-25,-0.09349549993036457
2017-07-26,-0.06867942025896129
2017-07-27,0.09658548131882498
2017-07-28,0.09449467477460005
2017-07-31,0.2027378169675949
2017-08-01,0.16944919399557123
2017-08-02,0.1227963044585126
2017-08-03,-0.0199761550029578
2017-08-04,0.011197356083164115
2017-08-07,0.06892305512187558
2017-08-08,0.11654657680642327
2017-08-09,0.1190707087426117
2017-08-10,0.2036995076507256
2017-08-11,0.18809628519821056
2017-08-14,0.013337415620423712
2017-08-15,0.05086001831977718
2017-08-16,-0.053701371058678185
2017-08-17,0.10084164978513922
2017-08-18,-0.02812024432408005
2017-08-21,-0.011973174674666461
2017-08-22,-0.10344082584582498
2017-08-23,0.08069318601628601
2017-08-24,0.10641313970087495
2017-08-25,0.11495247137794894
2017-08-28,-0.03238066591542632
2017-08-29,-0.12195369774788642
2017-08-30,-0.17969641810558395
2017-08-31,-0.17535006506959244
2017-09-01,-0.03553930305525177
2017-09-05,0.07606707031628332
2017-09-06,0.04119678131869279
2017-09-07,-0.020747056209732287
2017-09-08,-0.05518292104101737
2017-09-11,-0.032069276404997876
2017-09-12,0.08549124049300767
2017-09-13,0.1452707753672591
2017-09-14,0.17212423833745538
2017-09-15,0.1256114795679803
2017-09-18,-0.18829528844828453
2017-09-19,-0.26392071548795965
2017-09-20,-0.17117705812037345
2017-09-21,-0.14128459414642938
2017-09-22,-0.07841437487672653
2017-09-25,0.20726720032226523
2017-09-26,0.2789128966812038
2017-09-27,0.20490302072806085
2017-09-28,0.14663497548135107
2017-09-29,0.18733290382803597
2017-10-02,0.23074909405238833
2017-10-03,0.16780888874372052
2017-10-04,0.16727438214363832
2017-10-05,0.23199112373404523
2017-10-06,0.14460884158809925
2017-10-09,0.14268252168140977
2017-10-10,0.12715192325126726
2017-10-11,0.1338789583316409
2017-10-12,0.03562361936078227
2017-10-13,0.11353571766653321
2017-10-16,0.07026260940557529
2017-10-17,0.19574409262589834
2017-10-18,0.13759591192500661
2017-10-19,0.15775034349680545
2017-10-20,0.1915418836559061
2017-10-23,0.12269393645428532
2017-10-24,0.09634161010442346
2017-10-25,0.07980622334271145
2017-10-26,0.10290267144369156
2017-10-27,0.08615705593977141
2017-10-30,0.08798687283093859
2017-10-31,-0.025977680563005784
2017-11-01,0.0023117708880365673
2017-11-02,-0.16485649735845648
2017-11-03,-0.19135057865448224
2017-11-06,-0.08778867062244991
2017-11-07,-0.01744214989085565
2017-11-08,-0.0052504984512673795
2017-11-09,0.17394051082586165
2017-11-10,0.0969054094018768
2017-11-13,0.10236425571947708
2017-11-14,0.14074489539681018
2017-11-15,0.07342847774857338
2017-11-16,0.0673141804756461
2017-11-17,0.16660206410652006
2017-11-20,0.010655649020658112
2017-11-21,-0.2911171879001512
2017-11-22,-0.19508671560872112
2017-11-24,-0.3009009740015186
2017-11-27,-0.36987903353510615
2017-11-28,-0.3460731288912901
2017-11-29,-0.11979879058483099
2017-11-30,-0.0957187703026604
2017-12-01,-0.04172386046950515
2017-12-04,0.24282956632336156
2017-12-05,0.0805304458180955
2017-12-06,0.0004963248239135369
2017-12-07,-0.06071240899232912
2017-12-08,-0.01785737433175056
2017-12-11,-0.01087719512967847
2017-12-12,0.09104915207669843
2017-12-13,0.05483248807103081
2017-12-14,-0.07444491118648074
2017-12-15,-0.09766120088961354
2017-12-18,-0.15886250239195132
2017-12-19,-0.0976956983287281
2017-12-20,-0.1331166505408182
2017-12-21,-0.020456679640203944
2017-12-22,-0.044800599160740466
2017-12-26,0.10653710536876299
2017-12-27,0.0011050359748296262
2017-12-28,0.07289670909579109
2017-12-29,0.09444983327211799
2018-01-02,0.23359298223084973
2018-01-03,0.1322485290064814
2018-01-04,0.10634744628527999
2018-01-05,0.03434375060374563
2018-01-08,-0.0517440089365722
2018-01-09,-0.00041475674848663797
2018-01-10,0.12691162193892475
2018-01-11,0.24230189072811867
2018-01-12,0.2184169979176184
2018-01-16,0.22178176319585852
2018-01-17,0.033808643008578186
2018-01-18,0.05033957578468905
2018-01-19,0.030209447855051474
2018-01-22,0.1051592884187065
2018-01-23,0.12817552526931028
2018-01-24,0.20172039356763452
2018-01-25,0.1485356881525516
2018-01-26,0.05628480585379384
2018-01-29,-0.01851109362867327
2018-01-30,0.025771966128204926
2018-01-31,0.05502330372251605
2018-02-01,-0.10758999557762686
2018-02-02,-0.025544247472193332
2018-02-05,0.07906223517030403
2018-02-06,0.030777269105063124
2018-02-07,0.11659171637788279
2018-02-08,0.28486174302803857
2018-02-09,0.24901421068367272
2018-02-12,0.22829793952443225
2018-02-13,0.28786651693630716
2018-02-14,0.14198166280790722
2018-02-15,0.14723233037994615
2018-02-16,0.17242401822400008
2018-02-20,0.1326560214598272
2018-02-21,0.0314971287523685
2018-02-22,-0.07550625256457023
2018-02-23,-0.03129775162138662
2018-02-26,-0.09572603774026821
2018-02-27,-0.04693675691894323
2018-02-28,-1.6798767545811052e-06
2018-03-01,0.11309098515515802
2018-03-02,0.2179677349237199
2018-03-05,0.2209940519754934
2018-03-06,0.14734888337663601
2018-03-07,0.0962957299182314
2018-03-08,0.18355212538439575
2018-03-09,-0.013611548790664152
2018-03-12,0.08940661392464136
2018-03-13,0.29170569250502854
2018-03-14,0.21270085731185093
2018-03-15,-0.0005828720883638355
2018-03-16,0.01893628939581504
2018-03-19,0.1388498901151052
2018-03-20,-0.2567780936782084
2018-03-21,-0.3277297389830157
2018-03-22,-0.17402357340877078
2018-03-23,-0.17935464093400108
2018-03-26,-0.27613908995161923
2018-03-27,-0.11359166885891815
2018-03-28,0.0671216503243993
2018-03-29,-0.22130546915371974
2018-04-02,-0.07697272181172493
2018-04-03,0.023094178853977635
2018-04-04,-0.030258419633417875
2018-04-05,0.13349147679958728
2018-04-06,0.13327721433158862
2018-04-09,0.07793716789593323
2018-04-10,0.11193892605835463
2018-04-11,0.19124146774252412
2018-04-12,0.03818667587033633
2018-04-13,0.16005025507454698
2018-04-16,0.13646842584014376
2018-04-17,-0.15638461227984826
2018-04-18,-0.21602814576091436
2018-04-19,-0.18845420571550883
2018-04-20,-0.24420748647689863
2018-04-23,-0.1626107236154445
2018-04-24,-0.02164849219530849
2018-04-25,0.08991338401337057
2018-04-26,0.11517573070392295
2018-04-27,0.15619484941468217
2018-04-30,0.18169159558373124
2018-05-01,0.233192194281092
2018-05-02,0.24591403731248948
2018-05-03,0.19020777332149288
2018-05-04,0.22041142229369903
2018-05-07,0.11650490593435152
2018-05-08,0.0861073922020135
2018-05-09,0.005562884652968656
2018-05-10,0.009729424118025166
2018-05-11,0.08797072198447112
2018-05-14,0.16819266850121461
2018-05-15,0.08080258766910567
2018-05-16,0.08535607443432158
2018-05-17,0.10546739665641372
2018-05-18,-0.04792970086650531
2018-05-21,-0.08214099029455114
2018-05-22,0.00208095296044191
2018-05-23,0.03106953506732224
2018-05-24,0.04952869761472899
2018-05-25,0.15660147934443097
2018-05-29,0.22082024316904109
2018-05-30,0.17457440643369077
2018-05-31,0.05305745119005973
2018-06-01,-0.0015680156098458798
2018-06-04,-0.1116230587837137
2018-06-05,-0.13916418265230554
2018-06-06,-0.14277188240394342
2018-06-07,-0.045725914166888
2018-06-08,-0.08296985417287496
2018-06-11,0.06324168638874347
2018-06-12,-0.016129550543743817
2018-06-13,-0.08230484687952862
2018-06-14,-0.13974899773364427
2018-06-15,-0.14980006013374567
2018-06-18,-0.36429742535576176
2018-06-19,-0.27932097062541655
2018-06-20,-0.2692273749308634
2018-06-21,-0.21768605537017033
2018-06-22,-0.14531995413399515
2018-06-25,0.11327353418082975
2018-06-26,-0.0461153696391941
2018-06-27,-0.029271328011229527
2018-06-28,-0.07393305299270861
2018-06-29,0.015057286412517249
2018-07-02,-0.11339049419888032
2018-07-03,-0.0036883132412541047
2018-07-05,0.17682713872801661
2018-07-06,0.1701360050059854
2018-07-09,0.10341714939913359
2018-07-10,0.24426564476585882
2018-07-11,0.2765209851441361
2018-07-12,0.119744839680273
2018-07-13,0.1462130551196045
2018-07-16,0.17136367283939535
2018-07-17,-0.11740405782934779
2018-07-18,-0.0672428663776636
2018-07-19,-0.08988435892338154
2018-07-20,-0.24481607668619226
2018-07-23,-0.3866926916856434
2018-07-24,-0.26698669235186967
2018-07-25,-0.25538200901402136
2018-07-26,-0.1343946307720082
2018-07-27,-0.07374361409903443
2018-07-30,0.18385573583023618
2018-07-31,0.1925476350507718
2018-08-01,0.18414940979934183
2018-08-02,0.11639650993501577
2018-08-03,0.32562808711484276
2018-08-06,0.28832907005371106
2018-08-07,0.26051244917900607
2018-08-08,0.13515671100430102
2018-08-09,0.10197191670479148
2018-08-10,-0.103229340865693
2018-08-13,-0.12490029623479411
2018-08-14,-0.12008646382566004
2018-08-15,0.11383207684603748
2018-08-16,0.2758981767545442
2018-08-17,0.3162245289355318
2018-08-20,0.24723268152950956
2018-08-21,0.28334889934228097
2018-08-22,0.2208981196947221
2018-08-23,0.16636255696993194
2018-08-24,0.19136742373455473
2018-08-27,0.31498094944802896
2018-08-28,0.09552166340491436
2018-08-29,0.0754946502481771
2018-08-30,0.0075683341978197705
2018-08-31,0.04571905793592191
2018-09-04,0.022495175734413286
2018-09-05,0.08828151233625064
2018-09-06,0.06934241478010583
2018-09-07,0.07091934305677848
2018-09-10,-0.1911434798615488
2018-09-11,-0.2557966055543827
2018-09-12,-0.3350957810965323
2018-09-13,-0.4003264719963961
2018-09-14,-0.38694699593697524
2018-09-17,-0.09453429699467923
2018-09-18,0.003661615629809052
2018-09-19,0.18254732281334518
2018-09-20,0.25716748211358564
2018-09-21,0.3243212576340269
2018-09-24,0.19915465743732194
2018-09-25,-0.10710891730142715
2018-09-26,-0.07514785756891665
2018-09-27,-0.18587590983934965
2018-09-28,-0.2057418258562336
2018-10-01,-0.28363597720932426
2018-10-02,-0.13711447117056658
2018-10-03,-0.24650436605599094
2018-10-04,-0.21173030128305856
2018-10-05,-0.129849094772367
2018-10-08,-0.04179409181391162
2018-10-09,0.0004637468788084022
2018-10-10,0.10647706079293848
2018-10-11,0.24719533641869265
2018-10-12,-0.06388462686529106
2018-10-15,0.11563897870449737
2018-10-16,-0.040589244535626
2018-10-17,-0.08439846262555806
2018-10-18,-0.08455341957204275
2018-10-19,-0.006502650779683256
2018-10-22,-0.09785477696758664
2018-10-23,-0.08005096545214782
2018-10-24,0.10011016501743736
2018-10-25,-0.07201400506277146
2018-10-26,-0.07776478112570957
2018-10-29,-0.06835936368021216
2018-10-30,-0.06547945050979057
2018-10-31,0.006055575432372889
2018-11-01,0.19017293458458712
2018-11-02,0.19815455255663994
2018-11-05,0.1588815857349555
2018-11-06,0.135796248824086
2018-11-07,-0.11618416935058515
2018-11-08,-0.1637899973644116
2018-11-09,-0.204297556395535
2018-11-12,-0.32173719337861534
2018-11-13,-0.277718239253598
2018-11-14,-0.23858697800885112
2018-11-15,-0.23549686854346008
2018-11-16,-0.25544738350021357
2018-11-19,-0.04256667539113203
2018-11-20,0.04782079111557907
2018-11-21,0.18626656345719245
2018-11-23,0.165839063892706
2018-11-26,0.20250105292153542
2018-11-27,0.21821885516728604
2018-11-28,0.22810281447502223
2018-11-29,0.13398464558098688
2018-11-30,0.190027179666736
2018-12-03,0.2278068473152086
2018-12-04,0.20758729462701314
2018-12-06,0.15679577527528596
2018-12-07,0.1744620122499481
2018-12-10,-0.12763421510711284
2018-12-11,-0.1611108058448213
2018-12-12,-0.03657296119110535
2018-12-13,-0.12917906548197045
2018-12-14,-0.10677870328938562
2018-12-17,-0.041290180863433126
2018-12-18,-0.06670800779295136
2018-12-19,-0.11937809147726151
2018-12-20,-0.05299710151197821
2018-12-21,-0.03348541925975115
2018-12-24,-0.1424342725257406
2018-12-26,-0.2268152037251794
2018-12-27,-0.29976563415603436
2018-12-28,-0.28366442239939266
2018-12-31,-0.255853917590305
2019-01-02,-0.12521442739892574
2019-01-03,-0.11436797634019139
2019-01-04,-0.05133747991781322
2019-01-07,-0.08864488239002677
2019-01-08,-0.03988763530483127
2019-01-09,0.02470486603264588
2019-01-10,-0.015997174774845056
2019-01-11,-0.0829504150500842
2019-01-14,0.14112413425822423
2019-01-15,0.1309998720940214
2019-01-16,0.04147573554212186
2019-01-17,-0.07552881755011552
2019-01-18,0.005734054709907232
2019-01-22,-0.13748004920340265
2019-01-23,-0.24087402065724756
2019-01-24,-0.012711142022943756
2019-01-25,0.11758951140505634
2019-01-28,0.07080215313143441
2019-01-29,0.0531480741183485
2019-01-30,0.10396785058185315
2019-01-31,0.16159636712246706
2019-02-01,0.2568318954719832
2019-02-04,0.22247006175048564
2019-02-05,0.15431886786769639
2019-02-06,0.14649135710181202
2019-02-07,0.020924777343683216
2019-02-08,-0.16109271398659744
2019-02-11,-0.2082710800866176
2019-02-12,-0.24864532694806743
2019-02-13,-0.09293891181202701
2019-02-14,-0.14609658260119787
2019-02-15,-0.1135236887675154
2019-02-19,-0.0376636182038217
2019-02-20,0.11071942096140783
2019-02-21,0.0704368815690032
2019-02-22,2.549258992123181e-05
2019-02-25,0.019757387772752037
2019-02-26,0.04661452123717805
2019-02-27,0.035286519883338044
2019-02-28,0.10068662745160571
2019-03-01,0.19357760970704527
2019-03-04,0.25288733112729267
2019-03-05,0.23696635544238784
2019-03-06,0.14530041028193516
2019-03-07,0.07675210914161375
2019-03-08,-0.034961399620084974
2019-03-11,-0.08973442861107996
2019-03-12,-0.04072648345280596
2019-03-13,0.08005070928306554
2019-03-14,0.04489135361574383
2019-03-15,0.19736180612814938
2019-03-18,0.29283759736930165
2019-03-19,0.2379514611899659
2019-03-20,0.1276152489188362
2019-03-21,0.08529239190327971
2019-03-22,-0.07916919758039503
2019-03-25,-0.2826625142859006
2019-03-26,-0.19146695720944515
2019-03-27,-0.11520061300111553
2019-03-28,-0.27630845655997266
2019-03-29,-0.3243575634957067
2019-04-01,-0.25660613414628003
2019-04-02,-0.1954631110802183
2019-04-03,-0.15378462289207767
2019-04-04,0.09183532200050039
2019-04-05,0.018467451277803696
2019-04-08,0.1023392063714056
2019-04-09,-0.1529440439694641
2019-04-10,-0.2632652446284701
2019-04-11,-0.24823525366500507
2019-04-12,-0.13221215336704084
2019-04-15,-0.12933172394601786
2019-04-16,0.11165754251240591
2019-04-17,0.337846953652556
2019-04-18,0.273057284603782
2019-04-22,0.20683674551295772
2019-04-23,0.26031940993098857
2019-04-24,0.16753060716428247
2019-04-25,0.11698610282856078
2019-04-26,0.10345364406172829
2019-04-29,0.19037262442966685
2019-04-30,0.1226541965572486
2019-05-01,0.14236184484243425
2019-05-02,0.11820840463256212
2019-05-03,0.13738062612044036
2019-05-06,0.1352273265986133
2019-05-07,0.20560381557826576
2019-05-08,0.2281288239233077
2019-05-09,0.27633261618929195
2019-05-10,0.28466272102282497
2019-05-13,0.18947479637848033
2019-05-14,0.19776936796082345
2019-05-15,0.27332590595148853
2019-05-16,0.21412221612335233
2019-05-17,0.1829185185537769
2019-05-20,0.29681523747801647
2019-05-21,0.2638472226381684
2019-05-22,0.24938517536077803
2019-05-23,0.2379538248474498
2019-05-24,0.07985591427388002
2019-05-28,-0.08004623636162571
2019-05-29,0.1934164018004997
2019-05-30,0.14898923974214567
2019-05-31,0.08094065047658518
2019-06-03,0.1937095503099229
2019-06-04,0.2745070198677769
2019-06-05,0.18473246263498655
2019-06-06,-0.020361201946713536
2019-06-07,0.03805561528233795
2019-06-10,0.05441373637825767
2019-06-11,0.044573146563293364
2019-06-12,-0.06609826347442826
2019-06-13,-0.004415864262014257
2019-06-14,-0.19097209758382125
2019-06-17,-0.14762221490798097
2019-06-18,-0.08469691620178046
2019-06-19,-0.33861955136240873
2019-06-20,-0.28586657838748436
2019-06-21,-0.26077472032997234
2019-06-24,-0.23620467854846916
2019-06-25,0.012634273891022446
2019-06-26,0.2718442710016141
2019-06-27,0.2516947253823761
2019-06-28,0.3850010609148073
2019-07-01,0.3815571674129201
2019-07-02,0.20787811364042622
2019-07-03,0.13872336026982304
2019-07-05,0.11023768818720578
2019-07-08,0.051885452133717716
2019-07-09,0.010781689623854942
2019-07-10,0.08539956220886581
2019-07-11,0.12484389879980776
2019-07-12,0.08262321575079717
2019-07-15,0.06684019748093495
2019-07-16,-0.07132493195199438
2019-07-17,-0.22430667139347862
2019-07-18,-0.11636032803421899
2019-07-19,0.038696999952917484
2019-07-22,-0.0028361634492635934
2019-07-23,-0.01742588207570745
2019-07-24,0.025603606964964398
2019-07-25,0.12914927590697878
2019-07-26,0.11411305717786405
2019-07-29,0.1295175188127308
2019-07-30,0.30870766384647963
2019-07-31,0.3582029264787991
2019-08-01,0.34257424253705604
2019-08-02,0.41933850177282134
2019-08-05,0.4363811578019953
2019-08-06,0.3527304748499114
2019-08-07,0.3420170528056511
2019-08-08,0.3521619995664536
2019-08-09,0.23588530567907728
2019-08-12,0.08099442124220867
2019-08-13,0.1349856700036774
2019-08-14,0.03394543035917711
2019-08-15,-0.11141761777549765
2019-08-16,0.12114573856369479
2019-08-19,0.27452756717330334
2019-08-20,0.32838997716223534
2019-08-21,0.17811397650930155
2019-08-22,0.09418918054312536
2019-08-23,-0.10038139084904703
2019-08-26,-0.06874207787608441
2019-08-27,-0.290678265931613
2019-08-28,-0.3646935226912731
2019-08-29,-0.31442776059408306
2019-08-30,-0.5484933904244181
2019-09-03,-0.6776777386468897
2019-09-04,-0.6976082996739449
2019-09-05,-0.6281111312940476
2019-09-06,-0.6693401270324937
2019-09-09,-0.555353934790156
2019-09-10,0.0803542058775978
2019-09-11,0.239852073130734
2019-09-12,0.19947481090021318
2019-09-13,0.2965856945543691
2019-09-16,0.4763793330092201
2019-09-17,0.32599999087807097
2019-09-18,0.22469988247611042
2019-09-19,0.24077751480632786
2019-09-20,0.06290746368056356
2019-09-23,0.08755047421623265
2019-09-24,0.08612500574870202
2019-09-25,0.2562021505851777
2019-09-26,0.1841371038871157
2019-09-27,0.38504775129889196
2019-09-30,0.3762603368564959
2019-10-01,0.3637085732868572
2019-10-02,0.33096258974767684
2019-10-03,0.1729336973956781
2019-10-04,-0.1985970947227009
2019-10-07,-0.19243842959372676
2019-10-08,-0.25690238238618146
2019-10-09,-0.3585002026604973
2019-10-10,-0.25752465023317916
2019-10-11,-0.0032221468141307775
2019-10-14,-0.10924360178638226
2019-10-15,-0.22721387749031047
2019-10-16,-0.3148392389598858
2019-10-17,-0.17605628468313134
2019-10-18,-0.2797773219543006
2019-10-21,-0.22788918437426592
2019-10-22,0.031235264427458526
2019-10-23,0.1705877445797308
2019-10-24,0.11156744419401667
2019-10-25,0.046162645812129956
2019-10-28,-0.22842973322931123
2019-10-29,-0.3052162887135482
2019-10-30,-0.33056265135526497
2019-10-31,-0.4786138822701116
2019-11-01,-0.40821163645014247
2019-11-04,-0.07833283229810464
2019-11-05,0.16044066306411317
2019-11-06,0.1952343473309528
2019-11-07,0.43872238826996834
2019-11-08,0.4026591559057289
2019-11-11,0.38902927434633955
2019-11-12,0.36695651456473827
2019-11-13,0.23518730160357207
2019-11-14,0.029393182591973203
2019-11-15,0.01719777914717778
2019-11-18,-0.16899732387434455
2019-11-19,-0.08484926595012898
2019-11-20,-0.16413434932197582
2019-11-21,-0.029502479610722866
2019-11-22,0.03251464971360423
2019-11-25,0.15523576545848577
2019-11-26,-0.09397603633075212
2019-11-27,0.026623343474080057
2019-11-29,-0.08042975405723535
2019-12-02,-0.05034229851034097
2019-12-03,-0.14378256859893812
2019-12-04,-0.0064653208971699435
2019-12-05,-0.16474069935044358
2019-12-06,-0.0713427340549104
2019-12-09,-0.04840194333468287
2019-12-10,-0.06745194341848508
2019-12-11,-0.17605689224631785
2019-12-12,-0.10185218240467028
2019-12-13,-0.08389260192570525
2019-12-16,-0.1483249154643593
2019-12-17,-0.09014491947374739
2019-12-18,0.008281899026945943
2019-12-19,0.085815804734164
2019-12-20,-0.0772495390639385
2019-12-23,-0.05710037867298712
2019-12-24,0.02541075799864664
2019-12-26,0.009812519004874452
2019-12-27,-0.042205810647078984
2019-12-30,-0.008342496469507478
2019-12-31,0.07340900845474616
2020-01-02,0.12764903714397915
2020-01-03,0.15239255612683683
2020-01-06,0.21709788708803793
2020-01-07,0.1419379598908957
2020-01-08,0.1555004040422922
2020-01-09,0.10134427997007535
2020-01-10,0.11221960035536083
2020-01-13,0.1674506332172798
2020-01-14,0.23878486950119743
2020-01-15,0.24611066729192452
2020-01-16,0.2577346476984187
2020-01-17,0.24988894186016894
2020-01-21,0.27436658567615463
2020-01-22,0.27024934167053843
2020-01-23,0.2593288693903876
2020-01-24,0.2095891875476716
2020-01-27,0.1991898226998592
2020-01-28,0.1594737065606889
2020-01-29,-0.08038356332458262
2020-01-30,-0.0342903196064607
2020-01-31,0.009162335084021924
2020-02-03,0.07349040209552592
2020-02-04,0.03732644291706014
2020-02-05,0.1473734688387273
2020-02-06,0.21651406693998415
2020-02-07,0.19714868733237503
2020-02-10,0.10202137484747104
2020-02-11,0.1353614096985606
2020-02-12,0.09678501475235053
2020-02-13,-0.024112043869594837
2020-02-14,-0.02776574083206583
2020-02-18,-0.01198214008882554
2020-02-19,0.025186303085084676
2020-02-20,0.06372126433629488
2020-02-21,0.06437158415610583
2020-02-24,0.14726300845993778
2020-02-25,0.20062303562677503
2020-02-26,0.25213994798318956
2020-02-27,0.3053082698559791
2020-02-28,0.302920136899664
2020-03-02,0.21776279911252888
2020-03-03,0.20584489371998124
2020-03-04,0.1553280030428735
2020-03-05,0.14185879895240291
2020-03-06,0.12287455390412699
2020-03-09,-0.032969154841353626
2020-03-10,0.09786499274758746
2020-03-11,0.09006156669642938
2020-03-12,0.006200902293651956
2020-03-13,0.010144614735286776
2020-03-16,0.11774014091602068
2020-03-17,-0.02111866739384288
2020-03-18,-0.13254691696178986
2020-03-19,0.04555503043363846
2020-03-20,0.17239388965234076
2020-03-23,0.12099673452037343
2020-03-24,0.05834602318985354
2020-03-25,0.06232767636656928
2020-03-26,-0.0016435653199336575
2020-03-27,-0.005523838117887056
2020-03-30,-0.05885379415400751
2020-03-31,-0.11531550768929182
2020-04-01,-0.22049004787843368
2020-04-02,-0.19617490451905134
2020-04-03,-0.19212098958719326
2020-04-06,-0.07463791476399635
2020-04-07,0.2436454081259578
2020-04-08,0.4022556850604342
2020-04-09,0.35649507984529333
2020-04-13,0.40157233528246783
2020-04-14,0.25696064013934244
2020-04-15,0.12355566799551733
2020-04-16,-0.22549208032447474
2020-04-17,-0.003988185335951012
2020-04-20,-0.2755130894151415
2020-04-21,-0.47839530496455895
2020-04-22,-0.6012790084832531
2020-04-23,-0.5108375630946106
2020-04-24,-0.41275909272079964
2020-04-27,-0.18646550125050312
2020-04-28,0.20848936645524171
2020-04-29,0.5620744828177061
2020-04-30,0.5018793701033585
2020-05-01,0.12188169503605659
2020-05-04,0.28336416778542567
2020-05-05,0.23658752763866578
2020-05-06,0.3528734015495233
2020-05-07,0.3506792497248992
2020-05-08,0.4991756908187671
2020-05-11,-0.13973379661612517
2020-05-12,-0.12178882723797105
2020-05-13,-0.43835326399652513
2020-05-14,-0.4572098629641676
2020-05-15,-0.4521477289004551
2020-05-18,-0.41591980487780966
2020-05-19,-0.5731011074320179
2020-05-20,-0.39745769505057715
2020-05-21,-0.1315642686900699
2020-05-22,-0.35476717100340005
2020-05-26,-0.06235270147067356
2020-05-27,-0.21632518653104116
2020-05-28,-0.5594359321187053
2020-05-29,-0.7034778430656808
2020-06-01,-0.7431572185301988
2020-06-02,-0.6802873395770891
2020-06-03,-0.20302165526673163
2020-06-04,0.42258220699495513
2020-06-05,0.5205502770672195
2020-06-08,0.712981327371297
2020-06-09,0.6014629635798787
2020-06-10,0.446943521400196
2020-06-11,0.022862985814660234
2020-06-12,0.47294913955329965
2020-06-15,0.4989627987744354
2020-06-16,0.5024941579861678
2020-06-17,0.5241856308362298
2020-06-18,0.45487786156640503
2020-06-19,0.4353460290457252
2020-06-22,0.17625996671758218
2020-06-23,0.39168338984961426
2020-06-24,0.2709263591281254
2020-06-25,0.2634615134511819
2020-06-26,-0.057690920884859394
2020-06-29,0.44026931232212535
2020-06-30,0.38186907039611073
2020-07-01,0.4724907075048959
2020-07-02,0.3026650670223522
2020-07-06,0.24362922971089665
2020-07-07,0.030193943670546015
2020-07-08,-0.2573641975641209
2020-07-09,-0.4228479341509032
2020-07-10,-0.11384394188836383
2020-07-13,0.27828097618529946
2020-07-14,-0.07751180429875613
2020-07-15,0.2192446829427274
2020-07-16,0.10754917733066556
2020-07-17,-0.0832849996840317
2020-07-20,-0.1584267625353816
2020-07-21,0.06812695976788744
2020-07-22,0.026292201173249763
2020-07-23,0.29169478419757044
2020-07-24,0.353034119594337
2020-07-27,0.26936991677238314
2020-07-28,0.27930909641600327
2020-07-29,0.22725399378709404
2020-07-30,0.07982590270902541
2020-07-31,-0.20967499159436984
2020-08-03,-0.49901046413912054
2020-08-04,-0.5469561995350906
2020-08-05,-0.4668434703059008
2020-08-06,-0.40792444878177386
2020-08-07,-0.36809284776239626
2020-08-10,0.3025451313374325
2020-08-11,0.5523252290446123
2020-08-12,0.4702812240908087
2020-08-13,0.41031839198478337
2020-08-14,0.473969330773663
2020-08-17,-0.026158992676520262
2020-08-18,-0.09918276204860982
2020-08-19,0.12749479845686987
2020-08-20,-0.18769022841131155
2020-08-21,-0.32551056806206907
2020-08-24,0.20331229063095205
2020-08-25,0.23955483961377444
2020-08-26,-0.008206290549915004
2020-08-27,-0.18635971343781021
2020-08-28,-0.31297729799572527
2020-08-31,-0.40639693619965
2020-09-01,-0.34518013691780847
2020-09-02,-0.275270972381168
2020-09-03,-0.026697825419154532
2020-09-04,0.14952839052234634
2020-09-08,0.3196652740292607
2020-09-09,-0.02712402992881395
2020-09-10,-0.07543042580044591
2020-09-11,0.08889715910300365
2020-09-14,0.3090663197655073
2020-09-15,0.30415579531682646
2020-09-16,0.3104482618180114
2020-09-17,0.38286484224323536
2020-09-18,0.34436871452484297
2020-09-21,0.2039570758802294
2020-09-22,0.18137276465586744
2020-09-23,0.17341683390186302
2020-09-24,0.25602528265640334
2020-09-25,0.011425908121329499
2020-09-28,0.08135528058662607
2020-09-29,-0.0498327492480682
2020-09-30,0.030581217702004136
2020-10-01,-0.20993369199200115
2020-10-02,0.12055732562321987
2020-10-05,0.08409385023342138
2020-10-06,0.31974576970690427
2020-10-07,0.21459506838878092
2020-10-08,0.39122235510094333
2020-10-09,0.2159262648331207
2020-10-12,0.18450233020245638
2020-10-13,-0.14884432683447463
2020-10-14,-0.1855965273905949
2020-10-15,-0.31743663910247616
2020-10-16,-0.3308821656442287
2020-10-19,-0.27873013268185265
2020-10-20,-0.0143334647230851
2020-10-21,0.12346570431924776
2020-10-22,0.26385401463665265
2020-10-23,0.0720630807192588
2020-10-26,-0.11222036853408016
2020-10-27,-0.2528825188579378
2020-10-28,-0.008357856065958146
2020-10-29,0.09006412329028794
2020-10-30,0.3571449617100122
2020-11-02,-0.349338210238233
2020-11-03,-0.4989133350598006
2020-11-04,-0.539332347452789
2020-11-05,-0.5465966176054173
2020-11-06,-0.613108211696143
2020-11-09,-0.19711856117692683
2020-11-10,0.020916189121091805
2020-11-11,-0.24019759845774108
2020-11-12,-0.2593662254634942
2020-11-13,-0.08287232206577319
2020-11-16,-0.0342842610395849
2020-11-17,-0.20838561535396535
2020-11-18,-0.15936303288072623
2020-11-19,-0.11087793414498184
2020-11-20,0.03288176566264445
2020-11-23,0.12275888796234757
2020-11-24,0.2270848352571014
2020-11-25,0.05266849457611656
2020-11-27,-0.26728072091491817
2020-11-30,-0.3281142535974291
2020-12-01,-0.1790312236396494
2020-12-02,-0.17969616446692477
2020-12-03,-0.073113653218845
2020-12-04,0.13819609689757822
2020-12-07,0.09131742025353436
2020-12-08,0.014482317891106966
2020-12-09,0.22129638566313847
2020-12-10,0.3107014304367684
2020-12-11,0.3577263360175909
2020-12-14,0.42245515794493804
2020-12-15,0.4764531361363048
2020-12-16,0.3569581107432818
2020-12-17,0.27552888486241683
2020-12-18,0.012589551984339685
2020-12-21,-0.23862772346384484
2020-12-22,-0.29222955129040357
2020-12-23,-0.11410959631516208
2020-12-24,-0.13269916718410024
2020-12-28,0.014861150614334694
2020-12-29,-0.06531969807170365
2020-12-30,0.04041069368198565
2020-12-31,0.1033888819133554
2021-01-04,0.13797226516869482
2021-01-05,0.12945856846551185
2021-01-06,0.18588908957378825
2021-01-07,-0.0322353773306532
2021-01-08,-0.0633135643265963
2021-01-11,-0.06330367013328032
2021-01-12,0.013479808583700856
2021-01-13,0.11817243606482825
2021-01-14,0.20519352900313453
2021-01-15,0.17235849693773986
2021-01-19,-0.04049492061839263
2021-01-20,-0.1969530467849489
2021-01-21,-0.20778465725163822
2021-01-22,-0.21573054335518532
2021-01-25,-0.044539214068831046
2021-01-26,0.17276934664919508
2021-01-27,0.20571388453820375
2021-01-28,0.18403952330399082
2021-01-29,0.1922889984023469
2021-02-01,0.1566785009252142
2021-02-02,0.11373611177947797
2021-02-03,0.16588349034234334
2021-02-04,0.1960716077524416
2021-02-05,0.1734001859823495
2021-02-08,0.09142384878239906
2021-02-09,-0.0317717019697325
2021-02-10,-0.03949847476427895
2021-02-11,0.01521588180717022
2021-02-12,-0.2145352554598355
2021-02-16,-0.2914957827102676
2021-02-17,-0.17512545173973668
2021-02-18,-0.22749798825262837
2021-02-19,-0.23252081797370439
2021-02-22,0.1042764376784816
2021-02-23,0.09860667338815488
2021-02-24,-0.1856268919171132
2021-02-25,-0.31349243653990877
2021-02-26,-0.386908319645693
2021-03-01,-0.4705035988304047
2021-03-02,-0.3888907677497453
2021-03-03,-0.2858538507694058
2021-03-04,0.266331141114345
2021-03-05,0.20651670618202428
2021-03-08,0.3575236621965702
2021-03-09,0.0625799295397217
2021-03-10,0.16030494518991337
2021-03-11,-0.3563990954327807
2021-03-12,-0.20636822522812615
2021-03-15,-0.2148704236311185
2021-03-16,-0.36700901487034504
2021-03-17,-0.5694001799063916
2021-03-18,-0.37170988767124075
2021-03-19,-0.33995648005181117
2021-03-22,-0.45279735980635594
2021-03-23,0.042083519676054476
2021-03-24,0.28814208049431855
2021-03-25,0.3214309513356705
2021-03-26,0.1252183793342818
2021-03-29,0.44844980202449203
2021-03-30,0.1187278792565953
2021-03-31,0.09057424955052007
2021-04-01,-0.015550514182277724
2021-04-05,-0.02151752298275523
2021-04-06,-0.1355805269441476
2021-04-07,0.013648531211379138
2021-04-08,-0.14402296777508972
2021-04-09,-0.20190697785129327
2021-04-12,-0.2355568653891219
2021-04-13,-0.4763613938599101
2021-04-14,-0.39113736130571397
2021-04-15,-0.28812266451387125
2021-04-16,-0.04652070632608137
2021-04-19,0.20409111485350218
2021-04-20,0.5578925126035036
2021-04-21,0.448728416177104
2021-04-22,0.3501098498261731
2021-04-23,0.050777481373656536
2021-04-26,-0.054647712401592836
2021-04-27,-0.11755077430947605
2021-04-28,-0.04881076521528855
2021-04-29,-0.02499393531011305
2021-04-30,0.08627855983787214
2021-05-03,-0.054073872521774334
2021-05-04,-0.06565227238959527
2021-05-05,-0.3355377053890308
2021-05-06,-0.2834305827908617
2021-05-07,-0.21291275877598886
2021-05-10,0.04870697543424189
2021-05-11,-0.04476872373870015
2021-05-12,0.11698053415220902
2021-05-13,-0.006623825434296647
2021-05-14,-0.13721779969958392
2021-05-17,-0.10715040024489136
2021-05-18,-0.0339518984685438
2021-05-19,0.18924661287138306
2021-05-20,0.4515506601987349
2021-05-21,0.3729076881234923
2021-05-24,0.40432821897125554
2021-05-25,0.2939997799170581
2021-05-26,0.0830739648824169
2021-05-27,-0.04509426114854949
2021-05-28,0.010974235043508989
2021-06-01,-0.07551673633549232
2021-06-02,-0.13250986953370023
2021-06-03,-0.23184486617066005
2021-06-04,-0.13290037430066567
2021-06-07,-0.25347556019674483
2021-06-08,-0.2860885998642825
2021-06-09,-0.17627074047978225
2021-06-10,-0.2232622842770908
2021-06-11,-0.3266973064764858
2021-06-14,-0.08272962200346903
2021-06-15,-0.12404842254514849
2021-06-16,-0.06318248828919874
2021-06-17,0.28539010394145636
2021-06-18,0.351150729772259
2021-06-21,0.04580862636309475
2021-06-22,0.031122049534016465
2021-06-23,0.04625880737365912
2021-06-24,0.007667705603268171
2021-06-25,-0.04429267677545598
2021-06-28,-0.12172694823561314
2021-06-29,-0.21342653531310565
2021-06-30,-0.34613034804458226
2021-07-01,-0.23886243470941623
2021-07-02,-0.03036372092066086
2021-07-06,0.02585954350837932
2021-07-07,0.003886034133779701
2021-07-08,-0.027130898812487054
2021-07-09,-0.36295392997218784
2021-07-12,-0.5075344563258373
2021-07-13,-0.28031422349960394
2021-07-14,-0.008477795554550126
2021-07-15,-0.028500953585355534
2021-07-16,0.19973990900568753
2021-07-19,0.4577684817120461
2021-07-20,0.1634378060578845
2021-07-21,-0.045846507615489605
2021-07-22,0.12941403641391303
2021-07-23,0.09322591831554676
2021-07-26,-0.1520250696512606
2021-07-27,0.05738846504460688
2021-07-28,-0.00936608176625533
2021-07-29,0.029651817556402962
2021-07-30,0.15010069099711745
2021-08-02,0.20247732131412013
2021-08-03,0.23928988748087707
2021-08-04,0.2850819950905969
2021-08-05,0.23827919471010453
2021-08-06,0.05100711440000762
2021-08-09,-0.009148925356097435
2021-08-10,-0.27067148117851036
2021-08-11,-0.23935474615130356
2021-08-12,-0.2597064186844166
2021-08-13,-0.20696041054140196
2021-08-16,-0.16534344975894474
2021-08-17,0.011898101648638788
2021-08-18,0.11063730851677554
2021-08-19,0.14048454245998762
2021-08-20,0.18229233440602247
2021-08-23,0.1437130990768899
2021-08-24,0.02944526052713028
2021-08-25,-0.14193584607340365
2021-08-26,-0.0738425960002753
2021-08-27,-0.1434026718314883
2021-08-30,-0.11711629753214325
2021-08-31,-0.13190213696992434
2021-09-01,0.034026150076524105
2021-09-02,0.03751493064125493
2021-09-03,0.011608855165706713
2021-09-07,0.031978350164171415
2021-09-08,0.23677165137972392
2021-09-09,0.20493115303415235
2021-09-10,0.09540377330656734
2021-09-13,0.008829221168679879
2021-09-14,0.0022576701071966793
2021-09-15,-0.03798150317691322
2021-09-16,0.06921845398163043
2021-09-17,0.19763266036057378
2021-09-20,0.12503073433685855
2021-09-21,0.07660167440180944
2021-09-22,0.07703156816751675
2021-09-23,-0.08657214841754686
2021-09-24,-0.031120112452710822
2021-09-27,-0.049875326132514414
2021-09-28,0.11855207663730491
2021-09-29,0.009680842195848596
2021-09-30,0.1147391529123449
2021-10-01,-0.011481556624865021
2021-10-04,-0.007973689411452583
2021-10-05,-0.08295669288343768
2021-10-06,-0.011134762730390504
2021-10-07,-0.016985306684263533
2021-10-08,0.041781733051874395
2021-10-11,0.11663977754452959
2021-10-12,0.061157527632837216
2021-10-13,0.15748443985708474
2021-10-14,0.06892483914615787
2021-10-15,0.0947807546311023
2021-10-18,0.052996122850721146
2021-10-19,0.14840543061755604
2021-10-20,0.07777370117733347
2021-10-21,0.1414167021810873
2021-10-22,0.12286877992122441
2021-10-25,0.046241613716374454
2021-10-26,0.07461759238419233
2021-10-27,0.1206857148713029
2021-10-28,0.08259614990274873
2021-10-29,0.09815051445142021
2021-11-01,0.15970035504774768
2021-11-02,0.08370952559165896
2021-11-03,-0.05586368310354158
2021-11-04,-0.008958661185494344
2021-11-05,-0.12209150479126046
2021-11-08,-0.1717906263523888
2021-11-09,-0.05760271566728195
2021-11-10,0.08769957050926823
2021-11-11,0.16471506020379856
2021-11-12,0.12209990265480418
2021-11-15,0.09217883970791971
2021-11-16,0.10240093066170149
2021-11-17,0.18089134169549165
2021-11-18,-0.016069004850867676
2021-11-19,0.16670319648181922
2021-11-22,0.062231413060222306
2021-11-23,-0.00983695338221227
2021-11-24,0.04311336923465118
2021-11-26,0.0273416378364652
2021-11-29,-0.17068036548418206
2021-11-30,-0.0124363941985517
2021-12-01,-0.07019498775597337
2021-12-02,-0.11472272076062118
2021-12-03,-0.011408692239842892
2021-12-06,0.039914931530124265
2021-12-07,-0.10965923188587252
2021-12-08,0.025722061482843978
2021-12-09,-0.08051692235611382
2021-12-10,-0.23011760929757144
2021-12-13,-0.17628739526114362
2021-12-14,-0.13744753272073446
2021-12-15,-0.16185363000532735
2021-12-16,-0.07867674087071735
2021-12-17,0.312139330011615
2021-12-20,0.2963617824898881
2021-12-21,0.3617564447203138
2021-12-22,0.12199086856221052
2021-12-23,0.2483105543872334
2021-12-27,-0.17588513844416237
2021-12-28,-0.021525730901691104
2021-12-29,-0.11854116645513889
2021-12-30,0.03689858981577372
2021-12-31,-0.06949553610459457
2022-01-03,0.03024665794986109
2022-01-04,-0.09096383231319803
2022-01-05,-0.05064162642913483
2022-01-06,-0.11982290274041724
2022-01-07,-0.041607246852637995
2022-01-10,0.0032920648269214895
2022-01-11,-0.030046486486356962
2022-01-12,-0.12748671945469991
2022-01-13,-0.06878540026136913
2022-01-14,-0.01795609216199615
2022-01-18,-0.007684576157107536
2022-01-19,0.14707194005389715
2022-01-20,0.22851654383907202
2022-01-21,0.22192101839121126
2022-01-24,0.034694296248744975
2022-01-25,0.016228723430014736
2022-01-26,0.13530548217445576
2022-01-27,0.12516125441603038
2022-01-28,0.026170357034021
2022-01-31,0.1792466597825612
2022-02-01,0.14924948814128494
2022-02-02,-0.13016484210506932
2022-02-03,-0.20984357773778753
2022-02-04,-0.13583500632743917
2022-02-07,-0.14258769877260977
2022-02-08,-0.24536133308042918
2022-02-09,-0.005747448622575807
2022-02-10,0.07716832053052006
2022-02-11,0.07580980112107785
2022-02-14,0.1815014476916069
2022-02-15,0.30284193666723525
2022-02-16,0.07641671197878593
2022-02-17,0.06392048357426913
2022-02-18,-0.035846338565840394
2022-02-22,-0.07986494606825571
2022-02-23,-0.03676024547773922
2022-02-24,0.30749046310882805
2022-02-25,0.30181181144374813
2022-02-28,0.34727645825856285
2022-03-01,0.3581629710063437
2022-03-02,0.19115436722533144
2022-03-03,0.1484450723935411
2022-03-04,0.1192990704745409
2022-03-07,0.16759663287985907
2022-03-08,0.21505207507034663
2022-03-09,0.1108667410458544
2022-03-10,-0.04190313449372557
2022-03-11,-0.26254654684094453
2022-03-14,-0.29296076605004984
2022-03-15,-0.3078440981705598
2022-03-16,-0.11984687477204936
2022-03-17,-0.032198422269680955
2022-03-18,0.24170743682239823
2022-03-21,0.019272306686289164
2022-03-22,-0.044770432717966366
2022-03-23,-0.0054480511769296885
2022-03-24,0.05478616576721744
2022-03-25,-0.14716663227627713
2022-03-28,-0.2665414171011447
2022-03-29,0.1098149108831964
2022-03-30,0.14010086090424853
2022-03-31,0.1809387796356767
2022-04-01,0.33874202640008416
2022-04-04,0.4510640490764642
2022-04-05,0.47757043120775317
2022-04-06,0.2538439119811182
2022-04-07,0.23518448637549785
2022-04-08,0.27379589129943777
2022-04-11,0.1484250552020688
2022-04-12,0.27547354865329204
2022-04-13,0.3152209781205147
2022-04-14,0.20695870478303333
2022-04-18,-0.026174155448139762
2022-04-19,0.21839018097356025
2022-04-20,0.09664881796555085
2022-04-21,-0.020387878617178334
2022-04-22,0.003370599861302967
2022-04-25,-0.021537847709906025
2022-04-26,-0.11367490990539011
2022-04-27,-0.1995959606403296
2022-04-28,0.03831790744819871
2022-04-29,0.23992518478132208
2022-05-02,0.2964266098507465
2022-05-03,0.2649959193336148
2022-05-04,0.35764733388383924
2022-05-05,0.23849365592513178
2022-05-06,-0.058615456804129024
2022-05-09,0.0641724638693737
2022-05-10,-0.12960910725014935
2022-05-11,-0.28837922043816705
2022-05-12,-0.19467472569662472
2022-05-13,0.0169630830981084
2022-05-16,-0.042574072893958675
2022-05-17,0.35756813006348254
2022-05-18,0.24145602083875287
2022-05-19,0.2112569707799065
2022-05-20,0.047289641854923646
2022-05-23,-0.13646659098940972
2022-05-24,-0.2798053089797141
2022-05-25,-0.3832269228323922
2022-05-26,-0.10130674063509239
2022-05-27,0.042017140585015954
2022-05-31,0.0312338270541363
2022-06-01,-0.18430918653702158
2022-06-02,0.1652927623062927
2022-06-03,0.21224339098293538
2022-06-06,0.3379715357636492
2022-06-07,0.3073270260552757
2022-06-08,0.2941268784454355
2022-06-09,0.27467340026174397
2022-06-10,-0.0867012517513007
2022-06-13,-0.29535740399585453
2022-06-14,-0.33704312953625026
2022-06-15,-0.351135374200404
2022-06-16,-0.5452581254842093
2022-06-17,-0.32099515711243143
2022-06-21,-0.19393116509134373
2022-06-22,0.007552059393793508
2022-06-23,0.48117410803032756
2022-06-24,0.45911005922579196
2022-06-27,-0.14806161099393894
2022-06-28,-0.25785698891493064
2022-06-29,-0.4776347076808028
2022-06-30,-0.4894668014283762
2022-07-01,-0.23023282930406036
2022-07-05,0.24081109432752665
2022-07-06,0.15664253010385468
2022-07-07,0.2587120324635615
2022-07-08,0.14258647372869115
2022-07-11,-0.09489327854952444
2022-07-12,-0.14168177394989548
2022-07-13,-0.3453832766015568
2022-07-14,-0.44992557690037854
2022-07-15,-0.27920443151212254
2022-07-18,-0.05100184629202247
2022-07-19,0.29546094116001886
2022-07-20,0.3302859638685266
2022-07-21,0.33781953459997555
2022-07-22,0.21049183926998832
2022-07-25,-0.03711985645820591
2022-07-26,-0.2611860464404011
2022-07-27,-0.31544265669302746
2022-07-28,-0.3579240100400451
2022-07-29,-0.35506828260193685
2022-08-01,-0.38166904009520397
2022-08-02,-0.09353914627633148
2022-08-03,-0.1037930335850115
2022-08-04,0.048120007361302855
2022-08-05,-0.023019536421861088
2022-08-08,0.037312946739177816
2022-08-09,-0.29480967476127834
2022-08-10,0.2555422549673586
2022-08-11,0.3130890816369715
2022-08-12,0.5801895015739612
2022-08-15,0.6866992233161843
2022-08-16,0.6785724795892923
2022-08-17,0.5157876940664077
2022-08-18,0.36005649408256785
2022-08-19,0.31611263834562686
2022-08-22,0.21235208228810162
2022-08-23,0.08805091070297566
2022-08-24,0.14496192879795627
2022-08-25,0.28264995072074356
2022-08-26,0.17428994825599348
2022-08-29,0.11374298938575497
2022-08-30,0.045677621445882596
2022-08-31,-0.06438697744107723
2022-09-01,-0.30121267909792676
2022-09-02,-0.43143814032997013
2022-09-06,-0.252008580842948
2022-09-07,-0.0453338874744955
2022-09-08,-0.023908728949972143
2022-09-09,0.26989537981738443
2022-09-12,0.39455337704632876
2022-09-13,0.28531756025983934
2022-09-14,0.24244839659361503
2022-09-15,0.40065986181350277
2022-09-16,0.28802443025330726
2022-09-19,0.22784076870268744
2022-09-20,0.15113286336687012
2022-09-21,-0.025136382014197163
2022-09-22,-0.04152976365218045
2022-09-23,0.13965086723386974
2022-09-26,0.11889761806107668
2022-09-27,-0.09530880183088163
2022-09-28,0.03411424381289439
2022-09-29,-0.11639284361064801
2022-09-30,0.058364771892284
2022-10-03,0.1838214185038755
2022-10-04,0.44964210873631727
2022-10-05,0.34431002964477087
2022-10-06,0.3831139900466089
2022-10-07,0.22962679196370214
2022-10-10,0.000682230593759173
2022-10-11,-0.12683857059532017
2022-10-12,0.21780810365508416
2022-10-13,0.050933568322993755
2022-10-14,-0.012874449917509941
2022-10-17,0.22976168468822583
2022-10-18,-0.022473664922534456
2022-10-19,-0.183562506466087
2022-10-20,-0.0197583140849488
2022-10-21,-0.034700449888288916
2022-10-24,-0.03067391114721646
2022-10-25,0.20437542828810357
2022-10-26,0.3230516387507127
2022-10-27,0.31181137493660993
2022-10-28,0.19352927065363096
2022-10-31,0.13338286568494653
2022-11-01,0.13575270085757313
2022-11-02,0.11712937644359725
2022-11-03,-0.31013625113451354
2022-11-04,-0.5413273725158693
2022-11-07,-0.48880041139316927
2022-11-08,-0.5788914704375815
2022-11-09,-0.5199255966365482
2022-11-10,-0.056252376407464375
2022-11-11,0.41158612628473606
2022-11-14,0.43296539007991497
2022-11-15,0.4931840703289295
2022-11-16,0.26519639772744846
2022-11-17,0.21653933127282188
2022-11-18,0.2256944074216914
2022-11-21,0.02739676025167701
2022-11-22,-0.28621994007396995
2022-11-23,-0.21040998440067366
2022-11-25,-0.18110271917033127
2022-11-28,-0.22043946690213229
2022-11-29,-0.05650749292710588
2022-11-30,0.14939809659226086
2022-12-01,0.11378429664457813
2022-12-02,0.05044569016326025
2022-12-05,-0.0546082687507492
2022-12-06,-0.29772614816030046
2022-12-07,-0.27884765857160915
2022-12-08,0.05931605240240354
2022-12-09,0.1920413125673879
2022-12-12,0.311282844555758
2022-12-13,0.3895239686942643
2022-12-14,0.3630118101179622
2022-12-15,0.21092098983681556
2022-12-16,0.27164753778150774
2022-12-19,0.22303483442492208
2022-12-20,0.17731863845418183
2022-12-21,-0.1319343735147544
2022-12-22,-0.15702555386740244
2022-12-23,-0.35479743071035497
2022-12-27,-0.6130806722695531
2022-12-28,-0.4230694938654244
2022-12-29,-0.18275352426012495
2022-12-30,-0.2791893621863837
2023-01-03,-0.21308638620411643
2023-01-04,-0.18318453908157503
2023-01-05,-0.3125520996790201
2023-01-06,-0.3061651098827561
2023-01-09,-0.31124464219020914
2023-01-10,-0.24428535501204532
2023-01-11,-0.06958468893574903
2023-01-12,-0.22186850343850537
2023-01-13,-0.3913464311595813
2023-01-17,-0.19163033567372864
2023-01-18,-0.2169776421647866
2023-01-19,-0.3111185415628906
2023-01-20,-0.3560600602409984
2023-01-23,-0.022729092228352784
2023-01-24,-0.27669362342717185
2023-01-25,-0.4386757303770437
2023-01-26,-0.5561355228119909
2023-01-27,-0.3405746015912055
2023-01-30,-0.33194991811609914
2023-01-31,-0.28424330597542785
2023-02-01,0.030624449183103048
2023-02-02,0.4360237988642824
2023-02-03,0.4320130200979954
2023-02-06,0.3220328425273944
2023-02-07,0.29934951977330465
2023-02-08,0.0009570689559592506
2023-02-09,0.04522894984143533
2023-02-10,-0.1057895706476621
2023-02-13,0.09468652225886907
2023-02-14,0.07179274740788852
2023-02-15,0.2681296980418332
2023-02-16,0.28464089400396514
2023-02-17,0.2928729872169052
2023-02-21,0.07090460000288477
2023-02-22,0.3106670004442347
2023-02-23,0.30621676304828715
2023-02-24,0.05304864826160776
2023-02-27,0.0833043126264502
2023-02-28,0.18670795813108754
2023-03-01,-0.02012053463952065
2023-03-02,0.07602402633622575
2023-03-03,0.2170833258803883
2023-03-06,0.07869978006200957
2023-03-07,0.049625524426682055
2023-03-08,-0.05464828217440501
2023-03-09,-0.06305421796558178
2023-03-10,-0.16075015827697256
2023-03-13,0.024900151856844244
2023-03-14,-0.08445669649874409
2023-03-15,0.22485435727689104
2023-03-16,0.18383401073497468
2023-03-17,0.1654652612922237
2023-03-20,0.11041751684102441
2023-03-21,0.21180585875738087
2023-03-22,-0.022035117325172993
2023-03-23,-0.032257382209866285
2023-03-24,-0.10826235252051067
2023-03-27,0.0036393846139421925
2023-03-28,-0.17914283126748973
2023-03-29,-0.04864304481502117
2023-03-30,-0.0665657812936054
2023-03-31,-0.01562716974703814
2023-04-03,-0.21390222365600278
2023-04-04,0.04292705270615795
2023-04-05,-0.04857623641940097
2023-04-06,0.13181241971425975
2023-04-10,0.07456074389242799
2023-04-11,0.22755524688125411
2023-04-12,0.05725478587739999
2023-04-13,0.26507668738214263
2023-04-14,0.15194512169893587
2023-04-17,0.2472140837544355
2023-04-18,0.20472030411286224
2023-04-19,0.21100150041083587
2023-04-20,-0.0010626409848035617
2023-04-21,-0.02440961943783291
2023-04-24,0.06018594914119508
2023-04-25,0.13148846022112454
2023-04-26,0.09779431452629278
2023-04-27,0.1443369860036929
2023-04-28,0.08295047764535649
2023-05-01,0.037556515557036756
2023-05-02,-0.06964986907652043
2023-05-03,-0.06412270664639015
2023-05-04,-0.023818338154456276
2023-05-05,0.11423937568274188
2023-05-08,0.05146500358988276
2023-05-09,0.13495713622211405
2023-05-10,-0.04314343527590736
2023-05-11,-0.1265055086379936
2023-05-12,-0.12633788833592163
2023-05-15,-0.19220804864086713
2023-05-16,-0.3847484289810315
2023-05-17,-0.2213267065009488
2023-05-18,-0.07281291087714138
2023-05-19,-0.09033979937046724
2023-05-22,0.01277397490005949
2023-05-23,0.11283390703377764
2023-05-24,0.06140851003708222
2023-05-25,-0.09970316958016176
2023-05-26,-0.03907915088825983
2023-05-30,-0.11553568846271464
2023-05-31,-0.21173670104936934
2023-06-01,-0.21538933238402588
2023-06-02,-0.10329875322915001
2023-06-05,-0.16862944803487556
2023-06-06,-0.16435890830307653
2023-06-07,0.07352626050322901
2023-06-08,-0.03477788781097945
2023-06-09,-0.0743282009052847
2023-06-12,0.0757468358817421
2023-06-13,0.25578350318880777
2023-06-14,0.22708447992448705
2023-06-15,0.33773737219374667
2023-06-16,0.2870637646949764
2023-06-20,0.19372233306340123
2023-06-21,0.12307217142827472
2023-06-22,0.03710210459315889
2023-06-23,0.03578374939524263
2023-06-26,0.00400123152940051
2023-06-27,-0.03631407156459016
2023-06-28,-0.1195802159802498
2023-06-29,-0.22486873016618456
2023-06-30,-0.15831322628990294
2023-07-03,-0.13607012608095712
2023-07-05,-0.0773273731229959
2023-07-06,-0.07278022077703226
2023-07-07,0.05924937004665975
2023-07-10,0.08185165777478548
2023-07-11,0.16131100271181256
2023-07-12,-0.015280185153438337
2023-07-13,-0.10793913511311565
2023-07-14,-0.21673240945089317
2023-07-17,-0.3417809755315647
2023-07-18,-0.23679921975643417
2023-07-19,-0.17223151143180795
2023-07-20,-0.07554787278183607
2023-07-21,-0.04186335492811908
2023-07-24,-0.04083168590322511
2023-07-25,-0.06797626798790744
2023-07-26,0.08199671026647491
2023-07-27,-0.0031453737127310768
2023-07-28,0.03259392096495051
2023-07-31,0.0904492999442915
2023-08-01,0.02419312474818536
2023-08-02,0.013721918337611374
2023-08-03,0.07119484622218869
2023-08-04,0.10069457360128585
2023-08-07,0.133034514991805
2023-08-08,0.18461351352482633
2023-08-09,0.2058858280232857
2023-08-10,0.06839031524504
2023-08-11,0.12126630438350908
2023-08-14,0.08885525811138843
2023-08-15,0.13828590174416783
2023-08-16,0.2018278184443067
2023-08-17,0.2821282279090484
2023-08-18,0.2238988378547675
2023-08-21,0.15757816000497066
2023-08-22,0.12145771536315822
2023-08-23,0.07231204232882889
2023-08-24,0.13688711785149865
2023-08-25,0.11168141969587224
2023-08-28,0.07399789780200826
2023-08-29,0.13549509353403674
2023-08-30,0.11864192117980293
2023-08-31,0.06815627876157553
2023-09-01,0.11057226163908808
2023-09-05,0.0646752168692461
2023-09-06,-0.01731227869219349
2023-09-07,-0.09614374595310254
2023-09-08,-0.13203188631792204
2023-09-11,-0.061417044127449416
2023-09-12,-0.03230001099045091
2023-09-13,-0.035254840709606404
2023-09-14,0.030844298720279096
2023-09-15,0.17353936117980726
2023-09-18,0.09696400227163861
2023-09-19,0.1234183787298341
2023-09-20,0.2160074777870139
2023-09-21,0.24435070037446355
2023-09-22,0.09402299949743867
2023-09-25,0.15132854686222696
2023-09-26,0.13475598486198695
2023-09-27,0.05571462763480786
2023-09-28,0.024789078152414924
2023-09-29,0.16375049250951618
2023-10-02,0.08372062317209568
2023-10-03,0.08032937363185381
2023-10-04,0.08410818673463592
2023-10-05,0.10091272179184063
2023-10-06,-0.0563020566299075
2023-10-09,-0.11184911544059675
2023-10-10,-0.07934603709303437
2023-10-11,-0.11589046398345403
2023-10-12,-0.16426903696427486
2023-10-13,-0.10305002869097767
2023-10-16,0.018910255902260052
2023-10-17,0.03954957744305947
2023-10-18,0.005474758665654723
2023-10-19,-0.0014613551961625323
2023-10-20,0.1051401927089703
2023-10-23,0.033628789073291435
2023-10-24,0.003228268439903321
2023-10-25,0.16875802218640207
2023-10-26,0.0794567854378993
2023-10-27,-0.08395109457173248
2023-10-30,0.0022167787487331497
2023-10-31,0.06330520440080038
2023-11-01,-0.021193556666265437
2023-11-02,0.17729802397900024
2023-11-03,0.30351243116196236
2023-11-06,0.32968886778027845
2023-11-07,0.267368728641168
2023-11-08,0.04801416546414067
2023-11-09,-0.020952117854715277
2023-11-10,-0.13590276599868278
2023-11-13,-0.22249384293438662
2023-11-14,-0.06608330343436879
2023-11-15,0.13534322474894495
2023-11-16,0.06528696712567478
2023-11-17,0.14491651928688792
2023-11-20,0.02117299046843078
2023-11-21,-0.13348401599292506
2023-11-22,-0.057747437386920474
2023-11-24,-0.17260581263502006
2023-11-27,-0.2738187178570502
2023-11-28,-0.16723377506559922
2023-11-29,-0.24122568333954783
2023-11-30,-0.31116544600529644
2023-12-01,-0.09209079882593871
2023-12-04,0.014268713261200432
2023-12-05,0.017001942222977025
2023-12-06,-0.04057050228044105
2023-12-07,-0.1921472473739225
2023-12-08,-0.17212612611565922
2023-12-11,-0.15626017290602587
2023-12-12,-0.2687482473576389
2023-12-13,-0.06307517304406161
2023-12-14,0.14399381787533783
2023-12-15,0.019081289659406867
2023-12-18,-0.13854658928571542
2023-12-19,-0.03605429728826215
2023-12-20,-0.17629404347579325
2023-12-21,-0.09988302837831502
2023-12-22,-0.27420484097503056
2023-12-26,-0.12353213857909275
2023-12-27,-0.11767497203571198
2023-12-28,-0.08648770763717276
2023-12-29,-0.08636114067968409
2024-01-02,0.19879821256554667
2024-01-03,0.21555650440415058
2024-01-04,0.30603380025531246
2024-01-05,0.35218573210577797
2024-01-08,0.3963914135982229
2024-01-09,0.4172059840159505
2024-01-10,0.38893396921040063
2024-01-11,0.4010319035893326
2024-01-12,0.34459819927378754
2024-01-16,0.1553825175016528
2024-01-17,0.08521574423750111
2024-01-18,0.028859971239618455
2024-01-19,-0.08500943474373877
2024-01-22,-0.05252795258730238
2024-01-23,0.17234549706399666
2024-01-24,0.13574189035303363
2024-01-25,0.12691874279627427
2024-01-26,0.2879621687490709
2024-01-29,0.30754046225156084
2024-01-30,0.12499582221132437
2024-01-31,0.2621979800066556
2024-02-01,0.2521247645674547
2024-02-02,0.18082822383055117
2024-02-05,-0.09088930084363979
2024-02-06,0.20499345317762552
2024-02-07,0.0819028026808149
2024-02-08,-0.04388399545701091
2024-02-09,-0.15166366509642748
2024-02-12,0.009740231265074804
2024-02-13,-0.12746262164390554
2024-02-14,0.026549846411648204
2024-02-15,0.09857537717816456
2024-02-16,0.2404911412136494
2024-02-20,0.16545192325692248
2024-02-21,0.2569278615313119
2024-02-22,0.11256397619855435
2024-02-23,0.10509009981798856
2024-02-26,0.08878014483239581
2024-02-27,0.11074838920702693
2024-02-28,0.0557969594068085
2024-02-29,0.05169233699667115
2024-03-01,-0.07366551345317954
2024-03-04,-0.299437191771716
2024-03-05,-0.1276217485759477
2024-03-06,-0.1461706855394723
2024-03-07,-0.024711028461165803
2024-03-08,0.00033490507492951217
2024-03-11,0.16869254309463252
2024-03-12,0.06087244991631998
2024-03-13,0.1747008422728027
2024-03-14,0.15150599423013847
2024-03-15,0.3005859163088651
2024-03-18,0.2296704973003432
2024-03-19,0.2551413343598946
2024-03-20,-0.02079277750968177
2024-03-21,-0.19137269159797532
2024-03-22,-0.22478347209654032
2024-03-25,-0.21002375447944138
2024-03-26,-0.1668652048241793
2024-03-27,-0.07954893089088894
2024-03-28,0.06833182012614974
2024-04-01,0.09332999162723075
2024-04-02,-0.10455365211999043
2024-04-03,-0.09346132024258821
2024-04-04,0.03669812397596454
2024-04-05,-0.06753736991579923
2024-04-08,-0.07240756360258925
2024-04-09,0.1958209264732218
2024-04-10,0.06533552280897703
2024-04-11,-0.06652030381661313
2024-04-12,-0.18238233206605656
2024-04-15,-0.12007367188602924
2024-04-16,-0.08038190006306667
2024-04-17,-0.07715643205584535
2024-04-18,0.07781889420262511
2024-04-19,0.1966254363866668
2024-04-22,0.06755033267123647
2024-04-23,-0.0682681588637117
2024-04-24,-0.08563103259973179
2024-04-25,-0.1136091784336149
2024-04-26,-0.10924346255453066
2024-04-29,0.0344060607978095
2024-04-30,0.048213148512466185
2024-05-01,0.14118429872637472
2024-05-02,0.12091974305054062
2024-05-03,0.11368788839568383
2024-05-06,-0.17008773196492138
2024-05-07,-0.0987047218157527
2024-05-08,0.029183543156582437
2024-05-09,-0.12408436231924377
2024-05-10,-0.11677831038020688
2024-05-13,0.15343309394236343
2024-05-14,0.1773054732029603
2024-05-15,0.019947034194477974
2024-05-16,0.2991336823756329
2024-05-17,0.31024617541596045
2024-05-20,0.25007439332170067
2024-05-21,0.23925117534294407
2024-05-22,0.23109356131866865
2024-05-23,-0.027705954121566005
2024-05-24,-0.22317894311820993
2024-05-28,-0.23574445363334803
2024-05-29,-0.20257473092017142
2024-05-30,-0.22043035830758215
2024-05-31,-0.11014506953035522
2024-06-03,0.07754286089265154
2024-06-04,0.11387045097030382
2024-06-05,0.1710242183695614
2024-06-06,0.2730477103334143
2024-06-07,0.20442802427741802
2024-06-10,0.1970940106696897
2024-06-11,0.3489378741915011
2024-06-12,0.18046254893072577
2024-06-13,0.045103848484148924
2024-06-14,0.06241338417608106
2024-06-17,0.10056448725350138
2024-06-18,-0.10026612195921579
2024-06-20,-0.09201299125202697
2024-06-21,0.004846357154636057
2024-06-24,0.09208071257532333
2024-06-25,0.02793548726574551
2024-06-26,0.12387172973494529
2024-06-27,0.09642255097641449
2024-06-28,0.09983373589079932
2024-07-01,0.056397973154765815
2024-07-02,0.0565563203261959
2024-07-03,-0.16360929773950358
2024-07-05,-0.16238005997631114
2024-07-08,-0.11940293791150045
2024-07-09,-0.20751747150205113
2024-07-10,-0.3302222674608389
2024-07-11,-0.16240848911707176
2024-07-12,-0.0765092444505726
2024-07-15,-0.0628667032803647
2024-07-16,0.10682428420600705
2024-07-17,0.23293078106649276
2024-07-18,-0.049133304140839
2024-07-19,-0.09476603682949958
2024-07-22,-0.10936661795501601
2024-07-23,-0.18180224760018593
2024-07-24,-0.06611794955302867
2024-07-25,0.07846441918176193
2024-07-26,-0.011362354066958649
2024-07-29,0.001790610563346207
2024-07-30,0.15003401659552978
2024-07-31,0.057292283217370676
2024-08-01,0.10669100641059341
2024-08-02,0.3259515299716121
2024-08-05,0.3736159267188657
2024-08-06,0.25303336285729605
2024-08-07,0.34933457947358126
2024-08-08,0.2445198620562093
2024-08-09,0.13720071200763478
2024-08-12,0.01403247345031255
2024-08-13,0.10407361250865156
2024-08-14,-0.008347558101603515
2024-08-15,0.04610845229596761
2024-08-16,0.04299108454913507
2024-08-19,-0.00616923726602602
2024-08-20,0.016732167961713375
2024-08-21,0.05291370568950842
2024-08-22,-0.00024071053399445184
2024-08-23,0.1040886402376876
2024-08-26,0.0075664241093972425
2024-08-27,-0.016871370986396402
2024-08-28,-0.06552437513822994
2024-08-29,-0.08052519984181986
2024-08-30,-0.023115351569044592
2024-09-03,0.09985194611849928
2024-09-04,0.05680200049777097
2024-09-05,0.13327000866545802
2024-09-06,0.051273906915102536
2024-09-09,0.031719453151797146
2024-09-10,-0.04082470372862343
2024-09-11,-0.030191428916902838
2024-09-12,-0.07392201759773998
2024-09-13,0.08975036625590592
2024-09-16,0.14062490519842083
2024-09-17,0.10766345013201935
2024-09-18,0.21561940839850904
2024-09-19,0.07906906320169982
2024-09-20,-0.15843955432186943
2024-09-23,-0.14791127703340337
2024-09-24,-0.08968380154176449
2024-09-25,-0.19215870501191645
2024-09-26,-0.00795851722683183
2024-09-27,0.09645593620468206
2024-09-30,0.021800667604576825
2024-10-01,0.15629624745544027
2024-10-02,0.15539348085630644
2024-10-03,0.12544436178175494
2024-10-04,0.2026715758235137
2024-10-07,0.24708045328733208
2024-10-08,0.19584513798970338
2024-10-09,0.21951015787111589
2024-10-10,0.2407394094684751
2024-10-11,0.16915852202851792
2024-10-14,0.18425455970119542
2024-10-15,0.01895446296048135
2024-10-16,0.02592791054639347
2024-10-17,-0.004127287215945697
2024-10-18,-0.026430322459820615
2024-10-21,-0.05801339876007236
2024-10-22,0.005748914676089579
2024-10-23,-0.029126691707845667
2024-10-24,-0.035749228764419015
2024-10-25,-0.04767163593402641
2024-10-28,-0.05748302042432175
2024-10-29,-0.022050681025416706
2024-10-30,0.059340827665165345
2024-10-31,0.10230776474758088
2024-11-01,0.2407931320356093
2024-11-04,0.2003995851417196
2024-11-05,0.16904124999455036
2024-11-06,0.15811395472645665
2024-11-07,0.11267301862550964
2024-11-08,0.040022492246336326
2024-11-11,0.046248315852485344
2024-11-12,0.11634900422018936
2024-11-13,0.11791856822886053
2024-11-14,0.1728285892312352
2024-11-15,0.05351555654740578
2024-11-18,-0.032786171505758306
2024-11-19,-0.038289439425671534
2024-11-20,-0.09151110305399598
2024-11-21,-0.11339819559664113
2024-11-22,-0.22247387736501212
2024-11-25,-0.017948387331201094
2024-11-26,-0.12888408889100733
2024-11-27,0.05329060198482535
2024-11-29,0.02896287435112013
2024-12-02,-0.10724257207691712
2024-12-03,-0.14054834612644584
2024-12-04,-0.1065780248345897
2024-12-05,-0.13146456437801607
2024-12-06,-0.11400319382101672
2024-12-09,0.32292897950396754
2024-12-10,0.27058552141502834
2024-12-11,0.04125844266064652
2024-12-12,0.10690296123267505
2024-12-13,0.09024957576737408
2024-12-16,-0.09676719975643085
2024-12-17,0.06290594589688606
2024-12-18,0.14090067159407219
2024-12-19,-0.07794053004173576
2024-12-20,-0.0581841326306296
2024-12-23,-0.1343651527848035
