date,rp,cum
2026-02-04,-0.02276610194471349,-0.022766101944713513
2026-02-05,-0.04218325487491591,-0.0639890085387873
2026-02-06,0.05064905144168688,-0.016580939682284024
2026-02-09,0.006046326346537227,-0.010634867108198276
2026-02-10,-0.012550026885215596,-0.023051426125285213
2026-02-11,0.00526714967147122,-0.017905691765356835
2026-02-12,-0.012402648160462142,-0.030086261930783564
2026-02-13,0.03646399821431047,0.005280670882207517
2026-02-17,-0.00643971973452819,-0.0011930548928124063
2026-02-18,0.018046347952904593,0.01683176277636944
2026-02-19,-0.002953138175592396,0.01382891807955966
2026-02-20,0.001736418875413889,0.015589349749353332
2026-02-23,-0.030574678864198387,-0.015461968477133214
2026-02-24,0.004735324628561956,-0.010799861288707024
2026-02-25,0.0012120659694894982,-0.00960088546356086
2026-02-26,-0.007664308986132374,-0.017191610296960036
2026-02-27,0.005854158679732263,-0.011438094031866242
2026-03-02,5.5510392088609344e-05,-0.011383218572862175
2026-03-03,-0.013601797052192017,-0.024830183396225336
2026-03-04,0.007980651917193386,-0.01704769252975724
2026-03-05,-0.015750458172355167,-0.03252964173398731
2026-03-06,-0.014986050289151929,-0.04702820117622564
2026-03-09,0.0007963462737125002,-0.04626930563527931
2026-03-10,0.0023937824579188336,-0.04398628182953035
2026-03-11,-0.0008817670203954522,-0.04482926319725866
2026-03-12,-0.012328356368065925,-0.05660494843291097
2026-03-13,-0.007185311011838486,-0.06338353528544993
2026-03-16,0.006117240441145469,-0.05765402716965551
2026-03-17,-0.00042558493194724345,-0.058055075416373225
2026-03-18,-0.013936874200870383,-0.07118284333444358
2026-03-19,0.007592628123787425,-0.06413068006888833
2026-03-20,-0.012542291643449948,-0.07586862601962152
2026-03-23,0.012571401601060517,-0.06425099938517431
2026-03-24,0.00822470384401808,-0.05655474098278135
2026-03-25,0.0007673616839351157,-0.0558307772401212
2026-03-26,-0.0018293854038089862,-0.05755802663496379
2026-03-27,-0.014988797497111548,-0.07168409852651059
2026-03-30,0.0006062298475566349,-0.07112132571907592
2026-03-31,0.01667763167652909,-0.055629829317236035
2026-04-01,0.002635474168225555,-0.053140966127158906
2026-04-02,0.0003689365273873868,-0.05279163524327657
2026-04-06,0.004575251659559246,-0.04845791860047499
2026-04-07,-0.0037499251182041846,-0.052026130152543315
2026-04-08,0.01808192714362606,-0.03488493570390028
2026-04-09,0.00188926277836401,-0.033061579736087254
2026-04-10,-0.013177527031549034,-0.04580343690695832
2026-04-13,0.007127287899965827,-0.03900260328863636
2026-04-14,0.0008957617033848743,-0.03814177862360979
2026-04-15,0.0023007161613497282,-0.035928815868761954
2026-04-16,0.009281877909320509,-0.026980424841761774
2026-04-17,0.007358607708936018,-0.019820355495056674
2026-04-20,-0.0014702652634626771,-0.02126147957832558
2026-04-21,-0.008311350195413115,-0.02939611817129062
2026-04-22,0.0074045654367170585,-0.02220921821515842
2026-04-23,-0.0003580954847198024,-0.022559360679116236
2026-04-24,0.0024313186432380327,-0.020182891030076866
2026-04-27,0.0019353285762983524,-0.01828662297954131
2026-04-28,-0.004468346143073754,-0.02267325816135457
2026-04-29,0.009313428361664348,-0.013570995565301613
2026-04-30,0.040709538638298126,0.02658607410467062
2026-05-01,0.006236426601522298,0.032988302805969205
2026-05-04,-0.0016114792871797859,0.03132366355209837
2026-05-05,0.014233275303142839,0.046002777182081234
2026-05-06,0.01228729107851013,0.05885531777424746
2026-05-07,0.006509915417999482,0.0657483763328568
2026-05-08,0.016902955804875365,0.08376267403712889
2026-05-11,0.01506916703513592,0.10009407479864008
2026-05-12,-0.004671424060505329,0.09495506886880634
2026-05-13,0.011863229848726701,0.10794477252482526
2026-05-14,-0.004269589388441083,0.1032143032810744
2026-05-15,-0.011117467514588192,0.09094935410271798
2026-05-18,-0.009334646091804337,0.08076572797808668
2026-05-19,-0.008803308104897371,0.07125141428548187
2026-05-20,0.012896633746171036,0.08506695142558951
2026-05-21,0.008536037563086836,0.09432912368142232
2026-05-22,0.016852140634269812,0.1127709119738789
2026-05-26,0.00756982883943595,0.12119439731502424
2026-05-27,0.002886973400627749,0.12443125571700575
2026-05-28,0.006656797526246364,0.13191636691849684
2026-05-29,0.007414821611710828,0.1403093248585734
2026-06-01,0.008658199393945427,0.1501823503639741
2026-06-02,-0.0121442668149171,0.13621422901534563
2026-06-03,-0.0014833900398347896,0.13452878014490577
2026-06-04,0.008955411102034566,0.14468895177819308
2026-06-05,-0.025022982367603648,0.11604542032145648
2026-06-08,0.0037170786559324086,0.12019384893238438
2026-06-09,-0.005579792597498236,0.11394339958634836
2026-06-10,-0.018669625290948046,0.09314649372074646
2026-06-11,0.015564223673311579,0.1101604702567125
2026-06-12,0.017225275887201807,0.12928329063595
2026-06-15,0.011607161582240969,0.14239106426248638
2026-06-16,-0.008979770549716123,0.13213265462736334
2026-06-17,-0.00915024225858739,0.12177336656866533
2026-06-18,0.007044055980520513,0.129675200960232
2026-06-22,0.010995070515300185,0.14209605945417558
2026-06-23,-0.009101939930874195,0.13170076972573552
2026-06-24,-0.009396880791303887,0.12106631250119593
2026-06-25,0.018538544998476087,0.14184925078177502
2026-06-26,-0.019466930613861753,0.1196209506453163
2026-06-29,0.018676365897751783,0.14053140118635699
2026-06-30,-0.0020777710455219234,0.13816163806446347
2026-07-01,-0.0014308510690318826,0.13653309826790783
2026-07-02,-0.011966623979765018,0.12293263404037846
2026-07-06,0.007221357093668838,0.1310417315829182
2026-07-07,-0.01640144607367649,0.1124910116152833
2026-07-08,-0.004548597004887215,0.10743073833188621
2026-07-09,0.02124306109742573,0.1309559571674377
2026-07-10,-0.007866559332828253,0.1220592250275645
2026-07-13,-0.00199023579993187,0.11982606258827078
